"Timestamp","RuleTitle","Level","Computer","Channel","EventID","MitreTactics","MitreTags","OtherTags","RecordID","Details","ExtraFieldInfo","RuleFile","RuleID","EvtxFile"
"2025-12-22 14:05:07.387 +01:00","File Created","info","DESKTOP-G2OBL3D","Sysmon",11,"","","sysmon",166674,"Path: C:\Users\student\AppData\Local\Temp\__PSScriptPolicyTest_slyrzu1x.vyr.ps1 ¦ Proc: C:\WINDOWS\System32\WindowsPowerShell\v1.0\powershell.exe ¦ PID: 6628 ¦ PGUID: E9F06A57-4203-6949-9105-000000002100","CreationUtcTime: 2025-12-22 13:05:07.383 ¦ RuleName: - ¦ User: DESKTOP-G2OBL3D\student ¦ UtcTime: 2025-12-22 13:05:07.383","Sysmon_11_Info_FileCreated.yml","8a76bcd8-dec2-4c8a-995d-a4600aad8fe2","C:\Tools\Logs\art_1562_004.evtx"
"2025-12-22 14:05:08.176 +01:00","File Created","info","DESKTOP-G2OBL3D","Sysmon",11,"","","sysmon",166677,"Path: C:\Users\student\AppData\Local\Temp\__PSScriptPolicyTest_zyba51kr.brt.ps1 ¦ Proc: C:\WINDOWS\System32\WindowsPowerShell\v1.0\powershell.exe ¦ PID: 6488 ¦ PGUID: E9F06A57-4204-6949-9405-000000002100","CreationUtcTime: 2025-12-22 13:05:08.170 ¦ RuleName: - ¦ User: DESKTOP-G2OBL3D\student ¦ UtcTime: 2025-12-22 13:05:08.170","Sysmon_11_Info_FileCreated.yml","8a76bcd8-dec2-4c8a-995d-a4600aad8fe2","C:\Tools\Logs\art_1562_004.evtx"
"2025-12-22 14:05:09.179 +01:00","File Created","info","DESKTOP-G2OBL3D","Sysmon",11,"","","sysmon",166686,"Path: C:\Users\student\AppData\Local\Temp\__PSScriptPolicyTest_ozkksdfa.vqm.ps1 ¦ Proc: C:\WINDOWS\System32\WindowsPowerShell\v1.0\powershell.exe ¦ PID: 6368 ¦ PGUID: E9F06A57-4205-6949-9B05-000000002100","CreationUtcTime: 2025-12-22 13:05:09.173 ¦ RuleName: - ¦ User: DESKTOP-G2OBL3D\student ¦ UtcTime: 2025-12-22 13:05:09.173","Sysmon_11_Info_FileCreated.yml","8a76bcd8-dec2-4c8a-995d-a4600aad8fe2","C:\Tools\Logs\art_1562_004.evtx"
"2025-12-22 14:05:29.164 +01:00","File Created","info","DESKTOP-G2OBL3D","Sysmon",11,"","","sysmon",166696,"Path: C:\Users\student\AppData\Local\Temp\__PSScriptPolicyTest_amsupqnv.o0p.ps1 ¦ Proc: C:\WINDOWS\System32\WindowsPowerShell\v1.0\powershell.exe ¦ PID: 5600 ¦ PGUID: E9F06A57-4219-6949-A405-000000002100","CreationUtcTime: 2025-12-22 13:05:29.150 ¦ RuleName: - ¦ User: DESKTOP-G2OBL3D\student ¦ UtcTime: 2025-12-22 13:05:29.150","Sysmon_11_Info_FileCreated.yml","8a76bcd8-dec2-4c8a-995d-a4600aad8fe2","C:\Tools\Logs\art_1562_004.evtx"
"2025-12-22 14:05:08.370 +01:00","File Created (Sysmon Alert)","med","DESKTOP-G2OBL3D","Sysmon",11,"","","sysmon",166678,"Rule: EXE ¦ Path: C:\Users\student\AtomicTest.exe ¦ Proc: C:\WINDOWS\System32\WindowsPowerShell\v1.0\powershell.exe ¦ PID: 6488 ¦ PGUID: E9F06A57-4204-6949-9405-000000002100","CreationUtcTime: 2025-12-22 13:05:08.370 ¦ User: DESKTOP-G2OBL3D\student ¦ UtcTime: 2025-12-22 13:05:08.370","Sysmon_11_Med_FileCreated_RuleAlert.yml","c5e6b545-73a4-4650-ae97-67c239005382","C:\Tools\Logs\art_1562_004.evtx"
"2025-12-22 14:05:02.356 +01:00","Reg Key Value Set (Sysmon Alert)","med","DESKTOP-G2OBL3D","Sysmon",13,"","","sysmon",166660,"Rule: T1089 ¦ EventType: SetValue ¦ TgtObj: HKLM\System\CurrentControlSet\Services\SharedAccess\Parameters\FirewallPolicy\PublicProfile\EnableFirewall ¦ DWORD (0x00000000) ¦ Proc: C:\WINDOWS\system32\svchost.exe ¦ PID: 1628 ¦ PGUID: E9F06A57-0DF8-6949-1F00-000000002100","User: NT AUTHORITY\LOCAL SERVICE ¦ UtcTime: 2025-12-22 13:05:02.354","Sysmon_13_RegKeyValueSet_RuleAlert.yml","78431930-a5c6-46ae-b02c-fcdc2a7325c2","C:\Tools\Logs\art_1562_004.evtx"
"2025-12-22 14:05:02.846 +01:00","Reg Key Value Set (Sysmon Alert)","med","DESKTOP-G2OBL3D","Sysmon",13,"","","sysmon",166663,"Rule: T1031,T1050 ¦ EventType: SetValue ¦ TgtObj: HKLM\System\CurrentControlSet\Services\IKEEXT\Start ¦ DWORD (0x00000002) ¦ Proc: C:\WINDOWS\system32\services.exe ¦ PID: 780 ¦ PGUID: E9F06A57-0DF5-6949-0B00-000000002100","User: NT AUTHORITY\SYSTEM ¦ UtcTime: 2025-12-22 13:05:02.839","Sysmon_13_RegKeyValueSet_RuleAlert.yml","78431930-a5c6-46ae-b02c-fcdc2a7325c2","C:\Tools\Logs\art_1562_004.evtx"
"2025-12-22 14:05:03.062 +01:00","Reg Key Value Set (Sysmon Alert)","med","DESKTOP-G2OBL3D","Sysmon",13,"","","sysmon",166664,"Rule: Suspicious,ImageBeginWithBackslash ¦ EventType: SetValue ¦ TgtObj: HKLM\SOFTWARE\Microsoft\Windows NT\CurrentVersion\Notifications\Data\418A073AA3BC1C75 ¦ Binary Data ¦ Proc: \\?\C:\Windows\System32\SecurityHealth\10.0.29429.1000-0\SecurityHealthHost.exe ¦ PID: 10052 ¦ PGUID: E9F06A57-41FE-6949-8505-000000002100","User: DESKTOP-G2OBL3D\student ¦ UtcTime: 2025-12-22 13:05:03.055","Sysmon_13_RegKeyValueSet_RuleAlert.yml","78431930-a5c6-46ae-b02c-fcdc2a7325c2","C:\Tools\Logs\art_1562_004.evtx"
"2025-12-22 14:05:04.375 +01:00","Reg Key Value Set (Sysmon Alert)","med","DESKTOP-G2OBL3D","Sysmon",13,"","","sysmon",166667,"Rule: T1089 ¦ EventType: SetValue ¦ TgtObj: HKLM\System\CurrentControlSet\Services\SharedAccess\Parameters\FirewallPolicy\PublicProfile\EnableFirewall ¦ DWORD (0x00000000) ¦ Proc: C:\WINDOWS\system32\reg.exe ¦ PID: 2804 ¦ PGUID: E9F06A57-4200-6949-8905-000000002100","User: DESKTOP-G2OBL3D\student ¦ UtcTime: 2025-12-22 13:05:04.373","Sysmon_13_RegKeyValueSet_RuleAlert.yml","78431930-a5c6-46ae-b02c-fcdc2a7325c2","C:\Tools\Logs\art_1562_004.evtx"
"2025-12-22 14:05:08.833 +01:00","Reg Key Value Set (Sysmon Alert)","med","DESKTOP-G2OBL3D","Sysmon",13,"","","sysmon",166682,"Rule: T1089 ¦ EventType: SetValue ¦ TgtObj: HKLM\SOFTWARE\Policies\Microsoft\WindowsFirewall\DomainProfile\EnableFirewall ¦ DWORD (0x00000000) ¦ Proc: C:\WINDOWS\system32\reg.exe ¦ PID: 3472 ¦ PGUID: E9F06A57-4204-6949-9905-000000002100","User: DESKTOP-G2OBL3D\student ¦ UtcTime: 2025-12-22 13:05:08.832","Sysmon_13_RegKeyValueSet_RuleAlert.yml","78431930-a5c6-46ae-b02c-fcdc2a7325c2","C:\Tools\Logs\art_1562_004.evtx"
"2025-12-22 14:05:08.854 +01:00","Reg Key Value Set (Sysmon Alert)","med","DESKTOP-G2OBL3D","Sysmon",13,"","","sysmon",166684,"Rule: T1089 ¦ EventType: SetValue ¦ TgtObj: HKLM\SOFTWARE\Policies\Microsoft\WindowsFirewall\StandardProfile\EnableFirewall ¦ DWORD (0x00000000) ¦ Proc: C:\WINDOWS\system32\reg.exe ¦ PID: 4232 ¦ PGUID: E9F06A57-4204-6949-9A05-000000002100","User: DESKTOP-G2OBL3D\student ¦ UtcTime: 2025-12-22 13:05:08.853","Sysmon_13_RegKeyValueSet_RuleAlert.yml","78431930-a5c6-46ae-b02c-fcdc2a7325c2","C:\Tools\Logs\art_1562_004.evtx"
"2025-12-22 14:05:09.364 +01:00","Reg Key Value Set (Sysmon Alert)","med","DESKTOP-G2OBL3D","Sysmon",13,"","","sysmon",166687,"Rule: T1089 ¦ EventType: SetValue ¦ TgtObj: HKLM\SOFTWARE\Policies\Microsoft\WindowsFirewall\DomainProfile\EnableFirewall ¦ DWORD (0x00000000) ¦ Proc: C:\WINDOWS\System32\WindowsPowerShell\v1.0\powershell.exe ¦ PID: 6368 ¦ PGUID: E9F06A57-4205-6949-9B05-000000002100","User: DESKTOP-G2OBL3D\student ¦ UtcTime: 2025-12-22 13:05:09.363","Sysmon_13_RegKeyValueSet_RuleAlert.yml","78431930-a5c6-46ae-b02c-fcdc2a7325c2","C:\Tools\Logs\art_1562_004.evtx"
"2025-12-22 14:05:09.385 +01:00","Reg Key Value Set (Sysmon Alert)","med","DESKTOP-G2OBL3D","Sysmon",13,"","","sysmon",166688,"Rule: T1089 ¦ EventType: SetValue ¦ TgtObj: HKLM\SOFTWARE\Policies\Microsoft\WindowsFirewall\StandardProfile\EnableFirewall ¦ DWORD (0x00000000) ¦ Proc: C:\WINDOWS\System32\WindowsPowerShell\v1.0\powershell.exe ¦ PID: 6368 ¦ PGUID: E9F06A57-4205-6949-9B05-000000002100","User: DESKTOP-G2OBL3D\student ¦ UtcTime: 2025-12-22 13:05:09.385","Sysmon_13_RegKeyValueSet_RuleAlert.yml","78431930-a5c6-46ae-b02c-fcdc2a7325c2","C:\Tools\Logs\art_1562_004.evtx"
"2025-12-22 14:05:09.807 +01:00","Reg Key Value Set (Sysmon Alert)","med","DESKTOP-G2OBL3D","Sysmon",13,"","","sysmon",166691,"Rule: T1089 ¦ EventType: SetValue ¦ TgtObj: HKLM\System\CurrentControlSet\Services\SharedAccess\Parameters\FirewallPolicy\PublicProfile\EnableFirewall ¦ DWORD (0x00000000) ¦ Proc: C:\WINDOWS\system32\svchost.exe ¦ PID: 1628 ¦ PGUID: E9F06A57-0DF8-6949-1F00-000000002100","User: NT AUTHORITY\LOCAL SERVICE ¦ UtcTime: 2025-12-22 13:05:09.805","Sysmon_13_RegKeyValueSet_RuleAlert.yml","78431930-a5c6-46ae-b02c-fcdc2a7325c2","C:\Tools\Logs\art_1562_004.evtx"
"2025-12-22 14:05:09.857 +01:00","Reg Key Value Set (Sysmon Alert)","med","DESKTOP-G2OBL3D","Sysmon",13,"","","sysmon",166692,"Rule: T1089 ¦ EventType: SetValue ¦ TgtObj: HKLM\System\CurrentControlSet\Services\SharedAccess\Parameters\FirewallPolicy\PublicProfile\DoNotAllowExceptions ¦ DWORD (0x00000000) ¦ Proc: C:\WINDOWS\system32\svchost.exe ¦ PID: 1628 ¦ PGUID: E9F06A57-0DF8-6949-1F00-000000002100","User: NT AUTHORITY\LOCAL SERVICE ¦ UtcTime: 2025-12-22 13:05:09.855","Sysmon_13_RegKeyValueSet_RuleAlert.yml","78431930-a5c6-46ae-b02c-fcdc2a7325c2","C:\Tools\Logs\art_1562_004.evtx"
"2025-12-22 14:05:01.202 +01:00","Proc Exec","info","DESKTOP-G2OBL3D","Sysmon",1,"","","sysmon",166656,"Cmdline: ""C:\WINDOWS\system32\HOSTNAME.EXE"" ¦ Proc: C:\Windows\System32\HOSTNAME.EXE ¦ User: DESKTOP-G2OBL3D\student ¦ ParentCmdline: ""C:\WINDOWS\System32\WindowsPowerShell\v1.0\powershell.exe"" -exec bypass ¦ LID: 0x18dcf ¦ LGUID: E9F06A57-0DF8-6949-CF8D-010000000000 ¦ PID: 11216 ¦ PGUID: E9F06A57-41FD-6949-7F05-000000002100 ¦ ParentPID: 416 ¦ ParentPGUID: E9F06A57-37B7-6949-AD04-000000002100 ¦ Description: Hostname APP ¦ Product: Microsoft® Windows® Operating System ¦ Company: Microsoft Corporation ¦ Hashes: MD5=0411E7CFE0D452AFE541C1EA45033168,SHA256=8FF283FB7A282A9B2B30235016669DFE795665BCBB254FD17AC31FA9308D89D9,IMPHASH=8CB84C534505B1E47EF25FA2CD9A16BB","CurrentDirectory: C:\WINDOWS\system32\ ¦ FileVersion: 10.0.26100.2161 (WinBuild.160101.0800) ¦ IntegrityLevel: High ¦ OriginalFileName: hostname.exe ¦ ParentImage: C:\Windows\System32\WindowsPowerShell\v1.0\powershell.exe ¦ RuleName: - ¦ TerminalSessionId: 1 ¦ UtcTime: 2025-12-22 13:05:01.194","Sysmon_1_Info_ProcExec.yml","85790e3e-e270-499f-a6ad-f8afe85c35f1","C:\Tools\Logs\art_1562_004.evtx"
"2025-12-22 14:05:01.233 +01:00","Proc Exec","info","DESKTOP-G2OBL3D","Sysmon",1,"","","sysmon",166657,"Cmdline: ""C:\WINDOWS\system32\whoami.exe"" ¦ Proc: C:\Windows\System32\whoami.exe ¦ User: DESKTOP-G2OBL3D\student ¦ ParentCmdline: ""C:\WINDOWS\System32\WindowsPowerShell\v1.0\powershell.exe"" -exec bypass ¦ LID: 0x18dcf ¦ LGUID: E9F06A57-0DF8-6949-CF8D-010000000000 ¦ PID: 10768 ¦ PGUID: E9F06A57-41FD-6949-8005-000000002100 ¦ ParentPID: 416 ¦ ParentPGUID: E9F06A57-37B7-6949-AD04-000000002100 ¦ Description: whoami - displays logged on user information ¦ Product: Microsoft® Windows® Operating System ¦ Company: Microsoft Corporation ¦ Hashes: MD5=956692DADC5B2CEB46E9219F7A5BEFFA,SHA256=23240EF9F8B0A9A324110B1C2331DE31DC1B0E08F5359CB707E51A939AF56CD3,IMPHASH=E4464BCD92DF7AC69CCD074CB9C0EFED","CurrentDirectory: C:\WINDOWS\system32\ ¦ FileVersion: 10.0.26100.1882 (WinBuild.160101.0800) ¦ IntegrityLevel: High ¦ OriginalFileName: whoami.exe ¦ ParentImage: C:\Windows\System32\WindowsPowerShell\v1.0\powershell.exe ¦ RuleName: - ¦ TerminalSessionId: 1 ¦ UtcTime: 2025-12-22 13:05:01.228","Sysmon_1_Info_ProcExec.yml","85790e3e-e270-499f-a6ad-f8afe85c35f1","C:\Tools\Logs\art_1562_004.evtx"
"2025-12-22 14:05:01.568 +01:00","Proc Exec","info","DESKTOP-G2OBL3D","Sysmon",1,"","","sysmon",166658,"Cmdline: ""cmd.exe"" /c netsh advfirewall set currentprofile state off ¦ Proc: C:\Windows\System32\cmd.exe ¦ User: DESKTOP-G2OBL3D\student ¦ ParentCmdline: ""C:\WINDOWS\System32\WindowsPowerShell\v1.0\powershell.exe"" -exec bypass ¦ LID: 0x18dcf ¦ LGUID: E9F06A57-0DF8-6949-CF8D-010000000000 ¦ PID: 10312 ¦ PGUID: E9F06A57-41FD-6949-8105-000000002100 ¦ ParentPID: 416 ¦ ParentPGUID: E9F06A57-37B7-6949-AD04-000000002100 ¦ Description: Windows Command Processor ¦ Product: Microsoft® Windows® Operating System ¦ Company: Microsoft Corporation ¦ Hashes: MD5=FE48494F2B5A9C452F12E9BBE93A6BE6,SHA256=746C77047FC973F7CA66F8AF28274A30E05F4BB1751EE8A2C6546D9DA48E1115,IMPHASH=EDEF5A2A98D730D4288FE684BA0B0E00","CurrentDirectory: C:\Users\student\AppData\Local\Temp\ ¦ FileVersion: 10.0.26100.2454 (WinBuild.160101.0800) ¦ IntegrityLevel: High ¦ OriginalFileName: Cmd.Exe ¦ ParentImage: C:\Windows\System32\WindowsPowerShell\v1.0\powershell.exe ¦ RuleName: - ¦ TerminalSessionId: 1 ¦ UtcTime: 2025-12-22 13:05:01.552","Sysmon_1_Info_ProcExec.yml","85790e3e-e270-499f-a6ad-f8afe85c35f1","C:\Tools\Logs\art_1562_004.evtx"
"2025-12-22 14:05:01.649 +01:00","Proc Exec","info","DESKTOP-G2OBL3D","Sysmon",1,"","","sysmon",166659,"Cmdline: netsh advfirewall set currentprofile state off ¦ Proc: C:\Windows\System32\netsh.exe ¦ User: DESKTOP-G2OBL3D\student ¦ ParentCmdline: ""cmd.exe"" /c netsh advfirewall set currentprofile state off ¦ LID: 0x18dcf ¦ LGUID: E9F06A57-0DF8-6949-CF8D-010000000000 ¦ PID: 2184 ¦ PGUID: E9F06A57-41FD-6949-8305-000000002100 ¦ ParentPID: 10312 ¦ ParentPGUID: E9F06A57-41FD-6949-8105-000000002100 ¦ Description: Network Command Shell ¦ Product: Microsoft® Windows® Operating System ¦ Company: Microsoft Corporation ¦ Hashes: MD5=12AD15E6AB0F8C8830F1F600381F204A,SHA256=69AE00A67DCE3C75A810408B1424D2901A6E08B37FD16C9DA87D1B5874B13DD6,IMPHASH=251873EE5CC9E54F8BB552E4F6FDBD14","CurrentDirectory: C:\Users\student\AppData\Local\Temp\ ¦ FileVersion: 10.0.26100.1150 (WinBuild.160101.0800) ¦ IntegrityLevel: High ¦ OriginalFileName: netsh.exe ¦ ParentImage: C:\Windows\System32\cmd.exe ¦ RuleName: - ¦ TerminalSessionId: 1 ¦ UtcTime: 2025-12-22 13:05:01.640","Sysmon_1_Info_ProcExec.yml","85790e3e-e270-499f-a6ad-f8afe85c35f1","C:\Tools\Logs\art_1562_004.evtx"
"2025-12-22 14:05:02.566 +01:00","Proc Exec","info","DESKTOP-G2OBL3D","Sysmon",1,"","","sysmon",166661,"Cmdline: C:\WINDOWS\system32\svchost.exe -k NetworkServiceNetworkRestricted -p ¦ Proc: C:\Windows\System32\svchost.exe ¦ User: NT AUTHORITY\NETWORK SERVICE ¦ ParentCmdline: C:\WINDOWS\system32\services.exe ¦ LID: 0x3e4 ¦ LGUID: E9F06A57-0DF6-6949-E403-000000000000 ¦ PID: 10924 ¦ PGUID: E9F06A57-41FE-6949-8405-000000002100 ¦ ParentPID: 780 ¦ ParentPGUID: E9F06A57-0DF5-6949-0B00-000000002100 ¦ Description: Host Process for Windows Services ¦ Product: Microsoft® Windows® Operating System ¦ Company: Microsoft Corporation ¦ Hashes: MD5=0CD128F416A04C06D50EC56392C25D9F,SHA256=324451797AC909A4DD40C7A2F7347EF91F6B7C786941AD5035F609C0FC15EDAA,IMPHASH=DE43BD45CC98C143357416C7519ECCFD","CurrentDirectory: C:\WINDOWS\system32\ ¦ FileVersion: 10.0.26100.1150 (WinBuild.160101.0800) ¦ IntegrityLevel: System ¦ OriginalFileName: svchost.exe ¦ ParentImage: C:\Windows\System32\services.exe ¦ ParentUser: NT AUTHORITY\SYSTEM ¦ RuleName: - ¦ TerminalSessionId: 0 ¦ UtcTime: 2025-12-22 13:05:02.548","Sysmon_1_Info_ProcExec.yml","85790e3e-e270-499f-a6ad-f8afe85c35f1","C:\Tools\Logs\art_1562_004.evtx"
"2025-12-22 14:05:02.726 +01:00","Proc Exec","info","DESKTOP-G2OBL3D","Sysmon",1,"","","sysmon",166662,"Cmdline: \\?\C:\Windows\System32\SecurityHealth\10.0.29429.1000-0\SecurityHealthHost.exe {08728914-3F57-4D52-9E31-49DAECA5A80A} -Embedding ¦ Proc: C:\Windows\System32\SecurityHealth\10.0.29429.1000-0\SecurityHealthHost.exe ¦ User: DESKTOP-G2OBL3D\student ¦ ParentCmdline: C:\WINDOWS\system32\svchost.exe -k DcomLaunch -p ¦ LID: 0x18ed3 ¦ LGUID: E9F06A57-0DF8-6949-D38E-010000000000 ¦ PID: 10052 ¦ PGUID: E9F06A57-41FE-6949-8505-000000002100 ¦ ParentPID: 916 ¦ ParentPGUID: E9F06A57-0DF6-6949-0D00-000000002100 ¦ Description: Windows Security Health Host ¦ Product: Microsoft® Windows® Operating System ¦ Company: Microsoft Corporation ¦ Hashes: MD5=6A1C7F240C04965EA3627ADA46E890DB,SHA256=4DAAC737340C506314BF4B5FA7979FBA68E0F9E22093F9EC50CAF647542A113F,IMPHASH=E8960CAF12CF621B3CA78988264C27F1","CurrentDirectory: C:\WINDOWS\system32\ ¦ FileVersion: 10.0.29429.1000 (WinBuild.160101.0800) ¦ IntegrityLevel: Medium ¦ OriginalFileName: SecurityHealthHost.exe ¦ ParentImage: C:\Windows\System32\svchost.exe ¦ ParentUser: NT AUTHORITY\SYSTEM ¦ RuleName: - ¦ TerminalSessionId: 1 ¦ UtcTime: 2025-12-22 13:05:02.699","Sysmon_1_Info_ProcExec.yml","85790e3e-e270-499f-a6ad-f8afe85c35f1","C:\Tools\Logs\art_1562_004.evtx"
"2025-12-22 14:05:04.289 +01:00","Proc Exec","info","DESKTOP-G2OBL3D","Sysmon",1,"","","sysmon",166665,"Cmdline: ""cmd.exe"" /c reg add ""HKEY_LOCAL_MACHINE\SYSTEM\CurrentControlSet\Services\SharedAccess\Parameters\FirewallPolicy\PublicProfile"" /v ""EnableFirewall"" /t REG_DWORD /d 0 /f ¦ Proc: C:\Windows\System32\cmd.exe ¦ User: DESKTOP-G2OBL3D\student ¦ ParentCmdline: ""C:\WINDOWS\System32\WindowsPowerShell\v1.0\powershell.exe"" -exec bypass ¦ LID: 0x18dcf ¦ LGUID: E9F06A57-0DF8-6949-CF8D-010000000000 ¦ PID: 10260 ¦ PGUID: E9F06A57-4200-6949-8705-000000002100 ¦ ParentPID: 416 ¦ ParentPGUID: E9F06A57-37B7-6949-AD04-000000002100 ¦ Description: Windows Command Processor ¦ Product: Microsoft® Windows® Operating System ¦ Company: Microsoft Corporation ¦ Hashes: MD5=FE48494F2B5A9C452F12E9BBE93A6BE6,SHA256=746C77047FC973F7CA66F8AF28274A30E05F4BB1751EE8A2C6546D9DA48E1115,IMPHASH=EDEF5A2A98D730D4288FE684BA0B0E00","CurrentDirectory: C:\Users\student\AppData\Local\Temp\ ¦ FileVersion: 10.0.26100.2454 (WinBuild.160101.0800) ¦ IntegrityLevel: High ¦ OriginalFileName: Cmd.Exe ¦ ParentImage: C:\Windows\System32\WindowsPowerShell\v1.0\powershell.exe ¦ RuleName: - ¦ TerminalSessionId: 1 ¦ UtcTime: 2025-12-22 13:05:04.276","Sysmon_1_Info_ProcExec.yml","85790e3e-e270-499f-a6ad-f8afe85c35f1","C:\Tools\Logs\art_1562_004.evtx"
"2025-12-22 14:05:04.360 +01:00","Proc Exec","info","DESKTOP-G2OBL3D","Sysmon",1,"","","sysmon",166666,"Cmdline: reg add ""HKEY_LOCAL_MACHINE\SYSTEM\CurrentControlSet\Services\SharedAccess\Parameters\FirewallPolicy\PublicProfile"" /v ""EnableFirewall"" /t REG_DWORD /d 0 /f ¦ Proc: C:\Windows\System32\reg.exe ¦ User: DESKTOP-G2OBL3D\student ¦ ParentCmdline: ""cmd.exe"" /c reg add ""HKEY_LOCAL_MACHINE\SYSTEM\CurrentControlSet\Services\SharedAccess\Parameters\FirewallPolicy\PublicProfile"" /v ""EnableFirewall"" /t REG_DWORD /d 0 /f ¦ LID: 0x18dcf ¦ LGUID: E9F06A57-0DF8-6949-CF8D-010000000000 ¦ PID: 2804 ¦ PGUID: E9F06A57-4200-6949-8905-000000002100 ¦ ParentPID: 10260 ¦ ParentPGUID: E9F06A57-4200-6949-8705-000000002100 ¦ Description: Registry Console Tool ¦ Product: Microsoft® Windows® Operating System ¦ Company: Microsoft Corporation ¦ Hashes: MD5=47FC2471604EB7D760938BF31456B12D,SHA256=321590E79C53AA24B197F08A21A0329E5AB9F212B2BD748AF09A7BE6F838F585,IMPHASH=3B322244D4C64F3C932F94E6E3457771","CurrentDirectory: C:\Users\student\AppData\Local\Temp\ ¦ FileVersion: 10.0.26100.1882 (WinBuild.160101.0800) ¦ IntegrityLevel: High ¦ OriginalFileName: reg.exe ¦ ParentImage: C:\Windows\System32\cmd.exe ¦ RuleName: - ¦ TerminalSessionId: 1 ¦ UtcTime: 2025-12-22 13:05:04.347","Sysmon_1_Info_ProcExec.yml","85790e3e-e270-499f-a6ad-f8afe85c35f1","C:\Tools\Logs\art_1562_004.evtx"
"2025-12-22 14:05:04.839 +01:00","Proc Exec","info","DESKTOP-G2OBL3D","Sysmon",1,"","","sysmon",166668,"Cmdline: ""cmd.exe"" /c netsh advfirewall firewall set rule group=""remote desktop"" new enable=Yes & netsh advfirewall firewall set rule group=""file and printer sharing"" new enable=Yes ¦ Proc: C:\Windows\System32\cmd.exe ¦ User: DESKTOP-G2OBL3D\student ¦ ParentCmdline: ""C:\WINDOWS\System32\WindowsPowerShell\v1.0\powershell.exe"" -exec bypass ¦ LID: 0x18dcf ¦ LGUID: E9F06A57-0DF8-6949-CF8D-010000000000 ¦ PID: 6296 ¦ PGUID: E9F06A57-4200-6949-8A05-000000002100 ¦ ParentPID: 416 ¦ ParentPGUID: E9F06A57-37B7-6949-AD04-000000002100 ¦ Description: Windows Command Processor ¦ Product: Microsoft® Windows® Operating System ¦ Company: Microsoft Corporation ¦ Hashes: MD5=FE48494F2B5A9C452F12E9BBE93A6BE6,SHA256=746C77047FC973F7CA66F8AF28274A30E05F4BB1751EE8A2C6546D9DA48E1115,IMPHASH=EDEF5A2A98D730D4288FE684BA0B0E00","CurrentDirectory: C:\Users\student\AppData\Local\Temp\ ¦ FileVersion: 10.0.26100.2454 (WinBuild.160101.0800) ¦ IntegrityLevel: High ¦ OriginalFileName: Cmd.Exe ¦ ParentImage: C:\Windows\System32\WindowsPowerShell\v1.0\powershell.exe ¦ RuleName: - ¦ TerminalSessionId: 1 ¦ UtcTime: 2025-12-22 13:05:04.609","Sysmon_1_Info_ProcExec.yml","85790e3e-e270-499f-a6ad-f8afe85c35f1","C:\Tools\Logs\art_1562_004.evtx"
"2025-12-22 14:05:05.082 +01:00","Proc Exec","info","DESKTOP-G2OBL3D","Sysmon",1,"","","sysmon",166669,"Cmdline: netsh advfirewall firewall set rule group=""remote desktop"" new enable=Yes ¦ Proc: C:\Windows\System32\netsh.exe ¦ User: DESKTOP-G2OBL3D\student ¦ ParentCmdline: ""cmd.exe"" /c netsh advfirewall firewall set rule group=""remote desktop"" new enable=Yes & netsh advfirewall firewall set rule group=""file and printer sharing"" new enable=Yes ¦ LID: 0x18dcf ¦ LGUID: E9F06A57-0DF8-6949-CF8D-010000000000 ¦ PID: 10660 ¦ PGUID: E9F06A57-4200-6949-8C05-000000002100 ¦ ParentPID: 6296 ¦ ParentPGUID: E9F06A57-4200-6949-8A05-000000002100 ¦ Description: Network Command Shell ¦ Product: Microsoft® Windows® Operating System ¦ Company: Microsoft Corporation ¦ Hashes: MD5=12AD15E6AB0F8C8830F1F600381F204A,SHA256=69AE00A67DCE3C75A810408B1424D2901A6E08B37FD16C9DA87D1B5874B13DD6,IMPHASH=251873EE5CC9E54F8BB552E4F6FDBD14","CurrentDirectory: C:\Users\student\AppData\Local\Temp\ ¦ FileVersion: 10.0.26100.1150 (WinBuild.160101.0800) ¦ IntegrityLevel: High ¦ OriginalFileName: netsh.exe ¦ ParentImage: C:\Windows\System32\cmd.exe ¦ RuleName: - ¦ TerminalSessionId: 1 ¦ UtcTime: 2025-12-22 13:05:04.875","Sysmon_1_Info_ProcExec.yml","85790e3e-e270-499f-a6ad-f8afe85c35f1","C:\Tools\Logs\art_1562_004.evtx"
"2025-12-22 14:05:05.803 +01:00","Proc Exec","info","DESKTOP-G2OBL3D","Sysmon",1,"","","sysmon",166670,"Cmdline: netsh advfirewall firewall set rule group=""file and printer sharing"" new enable=Yes ¦ Proc: C:\Windows\System32\netsh.exe ¦ User: DESKTOP-G2OBL3D\student ¦ ParentCmdline: ""cmd.exe"" /c netsh advfirewall firewall set rule group=""remote desktop"" new enable=Yes & netsh advfirewall firewall set rule group=""file and printer sharing"" new enable=Yes ¦ LID: 0x18dcf ¦ LGUID: E9F06A57-0DF8-6949-CF8D-010000000000 ¦ PID: 7648 ¦ PGUID: E9F06A57-4201-6949-8D05-000000002100 ¦ ParentPID: 6296 ¦ ParentPGUID: E9F06A57-4200-6949-8A05-000000002100 ¦ Description: Network Command Shell ¦ Product: Microsoft® Windows® Operating System ¦ Company: Microsoft Corporation ¦ Hashes: MD5=12AD15E6AB0F8C8830F1F600381F204A,SHA256=69AE00A67DCE3C75A810408B1424D2901A6E08B37FD16C9DA87D1B5874B13DD6,IMPHASH=251873EE5CC9E54F8BB552E4F6FDBD14","CurrentDirectory: C:\Users\student\AppData\Local\Temp\ ¦ FileVersion: 10.0.26100.1150 (WinBuild.160101.0800) ¦ IntegrityLevel: High ¦ OriginalFileName: netsh.exe ¦ ParentImage: C:\Windows\System32\cmd.exe ¦ RuleName: - ¦ TerminalSessionId: 1 ¦ UtcTime: 2025-12-22 13:05:05.799","Sysmon_1_Info_ProcExec.yml","85790e3e-e270-499f-a6ad-f8afe85c35f1","C:\Tools\Logs\art_1562_004.evtx"
"2025-12-22 14:05:06.778 +01:00","Proc Exec","info","DESKTOP-G2OBL3D","Sysmon",1,"","","sysmon",166671,"Cmdline: ""cmd.exe"" /c netsh advfirewall firewall add rule name=""atomic testing"" action=allow dir=in protocol=TCP localport=450 ¦ Proc: C:\Windows\System32\cmd.exe ¦ User: DESKTOP-G2OBL3D\student ¦ ParentCmdline: ""C:\WINDOWS\System32\WindowsPowerShell\v1.0\powershell.exe"" -exec bypass ¦ LID: 0x18dcf ¦ LGUID: E9F06A57-0DF8-6949-CF8D-010000000000 ¦ PID: 8652 ¦ PGUID: E9F06A57-4202-6949-8E05-000000002100 ¦ ParentPID: 416 ¦ ParentPGUID: E9F06A57-37B7-6949-AD04-000000002100 ¦ Description: Windows Command Processor ¦ Product: Microsoft® Windows® Operating System ¦ Company: Microsoft Corporation ¦ Hashes: MD5=FE48494F2B5A9C452F12E9BBE93A6BE6,SHA256=746C77047FC973F7CA66F8AF28274A30E05F4BB1751EE8A2C6546D9DA48E1115,IMPHASH=EDEF5A2A98D730D4288FE684BA0B0E00","CurrentDirectory: C:\Users\student\AppData\Local\Temp\ ¦ FileVersion: 10.0.26100.2454 (WinBuild.160101.0800) ¦ IntegrityLevel: High ¦ OriginalFileName: Cmd.Exe ¦ ParentImage: C:\Windows\System32\WindowsPowerShell\v1.0\powershell.exe ¦ RuleName: - ¦ TerminalSessionId: 1 ¦ UtcTime: 2025-12-22 13:05:06.768","Sysmon_1_Info_ProcExec.yml","85790e3e-e270-499f-a6ad-f8afe85c35f1","C:\Tools\Logs\art_1562_004.evtx"
"2025-12-22 14:05:06.809 +01:00","Proc Exec","info","DESKTOP-G2OBL3D","Sysmon",1,"","","sysmon",166672,"Cmdline: netsh advfirewall firewall add rule name=""atomic testing"" action=allow dir=in protocol=TCP localport=450 ¦ Proc: C:\Windows\System32\netsh.exe ¦ User: DESKTOP-G2OBL3D\student ¦ ParentCmdline: ""cmd.exe"" /c netsh advfirewall firewall add rule name=""atomic testing"" action=allow dir=in protocol=TCP localport=450 ¦ LID: 0x18dcf ¦ LGUID: E9F06A57-0DF8-6949-CF8D-010000000000 ¦ PID: 3840 ¦ PGUID: E9F06A57-4202-6949-9005-000000002100 ¦ ParentPID: 8652 ¦ ParentPGUID: E9F06A57-4202-6949-8E05-000000002100 ¦ Description: Network Command Shell ¦ Product: Microsoft® Windows® Operating System ¦ Company: Microsoft Corporation ¦ Hashes: MD5=12AD15E6AB0F8C8830F1F600381F204A,SHA256=69AE00A67DCE3C75A810408B1424D2901A6E08B37FD16C9DA87D1B5874B13DD6,IMPHASH=251873EE5CC9E54F8BB552E4F6FDBD14","CurrentDirectory: C:\Users\student\AppData\Local\Temp\ ¦ FileVersion: 10.0.26100.1150 (WinBuild.160101.0800) ¦ IntegrityLevel: High ¦ OriginalFileName: netsh.exe ¦ ParentImage: C:\Windows\System32\cmd.exe ¦ RuleName: - ¦ TerminalSessionId: 1 ¦ UtcTime: 2025-12-22 13:05:06.803","Sysmon_1_Info_ProcExec.yml","85790e3e-e270-499f-a6ad-f8afe85c35f1","C:\Tools\Logs\art_1562_004.evtx"
"2025-12-22 14:05:07.193 +01:00","Proc Exec","info","DESKTOP-G2OBL3D","Sysmon",1,"","","sysmon",166673,"Cmdline: ""powershell.exe"" & {netsh advfirewall firewall add rule name=\""""Open Port to Any\"""" dir=in protocol=tcp localport=3389 action=allow profile=any} ¦ Proc: C:\Windows\System32\WindowsPowerShell\v1.0\powershell.exe ¦ User: DESKTOP-G2OBL3D\student ¦ ParentCmdline: ""C:\WINDOWS\System32\WindowsPowerShell\v1.0\powershell.exe"" -exec bypass ¦ LID: 0x18dcf ¦ LGUID: E9F06A57-0DF8-6949-CF8D-010000000000 ¦ PID: 6628 ¦ PGUID: E9F06A57-4203-6949-9105-000000002100 ¦ ParentPID: 416 ¦ ParentPGUID: E9F06A57-37B7-6949-AD04-000000002100 ¦ Description: Windows PowerShell ¦ Product: Microsoft® Windows® Operating System ¦ Company: Microsoft Corporation ¦ Hashes: MD5=909A2EEC5534F01DFF87B7D47E57BFF7,SHA256=D3B4B97C2BF97D70E5655FF4C4CA1D8CEF9DED51685CFD764247CFDA98EE68DF,IMPHASH=AFACF6DC9041114B198160AAB4D0AE77","CurrentDirectory: C:\Users\student\AppData\Local\Temp\ ¦ FileVersion: 10.0.26100.1 (WinBuild.160101.0800) ¦ IntegrityLevel: High ¦ OriginalFileName: PowerShell.EXE ¦ RuleName: - ¦ TerminalSessionId: 1 ¦ UtcTime: 2025-12-22 13:05:07.183","Sysmon_1_Info_ProcExec.yml","85790e3e-e270-499f-a6ad-f8afe85c35f1","C:\Tools\Logs\art_1562_004.evtx"
"2025-12-22 14:05:07.551 +01:00","Proc Exec","info","DESKTOP-G2OBL3D","Sysmon",1,"","","sysmon",166675,"Cmdline: ""C:\WINDOWS\system32\netsh.exe"" advfirewall firewall add rule ""name=Open Port to Any"" dir=in protocol=tcp localport=3389 action=allow profile=any ¦ Proc: C:\Windows\System32\netsh.exe ¦ User: DESKTOP-G2OBL3D\student ¦ ParentCmdline: ""powershell.exe"" & {netsh advfirewall firewall add rule name=\""""Open Port to Any\"""" dir=in protocol=tcp localport=3389 action=allow profile=any} ¦ LID: 0x18dcf ¦ LGUID: E9F06A57-0DF8-6949-CF8D-010000000000 ¦ PID: 10796 ¦ PGUID: E9F06A57-4203-6949-9305-000000002100 ¦ ParentPID: 6628 ¦ ParentPGUID: E9F06A57-4203-6949-9105-000000002100 ¦ Description: Network Command Shell ¦ Product: Microsoft® Windows® Operating System ¦ Company: Microsoft Corporation ¦ Hashes: MD5=12AD15E6AB0F8C8830F1F600381F204A,SHA256=69AE00A67DCE3C75A810408B1424D2901A6E08B37FD16C9DA87D1B5874B13DD6,IMPHASH=251873EE5CC9E54F8BB552E4F6FDBD14","CurrentDirectory: C:\Users\student\AppData\Local\Temp\ ¦ FileVersion: 10.0.26100.1150 (WinBuild.160101.0800) ¦ IntegrityLevel: High ¦ OriginalFileName: netsh.exe ¦ ParentImage: C:\Windows\System32\WindowsPowerShell\v1.0\powershell.exe ¦ RuleName: - ¦ TerminalSessionId: 1 ¦ UtcTime: 2025-12-22 13:05:07.546","Sysmon_1_Info_ProcExec.yml","85790e3e-e270-499f-a6ad-f8afe85c35f1","C:\Tools\Logs\art_1562_004.evtx"
"2025-12-22 14:05:08.075 +01:00","Proc Exec","info","DESKTOP-G2OBL3D","Sysmon",1,"","","sysmon",166676,"Cmdline: ""powershell.exe"" & {Copy-Item \""""C:\AtomicRedTeam\atomics\T1562.004\bin\AtomicTest.exe\"""" -Destination \""""C:\Users\$env:UserName\"""" -Force netsh advfirewall firewall add rule name=\""""Atomic Test\"""" dir=in action=allow program=\""""C:\Users\$env:UserName\AtomicTest.exe\"""" enable=yes} ¦ Proc: C:\Windows\System32\WindowsPowerShell\v1.0\powershell.exe ¦ User: DESKTOP-G2OBL3D\student ¦ ParentCmdline: ""C:\WINDOWS\System32\WindowsPowerShell\v1.0\powershell.exe"" -exec bypass ¦ LID: 0x18dcf ¦ LGUID: E9F06A57-0DF8-6949-CF8D-010000000000 ¦ PID: 6488 ¦ PGUID: E9F06A57-4204-6949-9405-000000002100 ¦ ParentPID: 416 ¦ ParentPGUID: E9F06A57-37B7-6949-AD04-000000002100 ¦ Description: Windows PowerShell ¦ Product: Microsoft® Windows® Operating System ¦ Company: Microsoft Corporation ¦ Hashes: MD5=909A2EEC5534F01DFF87B7D47E57BFF7,SHA256=D3B4B97C2BF97D70E5655FF4C4CA1D8CEF9DED51685CFD764247CFDA98EE68DF,IMPHASH=AFACF6DC9041114B198160AAB4D0AE77","CommandLine: ""powershell.exe"" & {Copy-Item \""""C:\AtomicRedTeam\atomics\T1562.004\bin\AtomicTest.exe\"""" -Destination \""""C:\Users\$env:UserName\"""" -Force netsh advfirewall firewall add rule name=\""""Atomic Test\"""" dir=in action=allow program=\""""C:\Users\$env:UserName\AtomicTest.exe\"""" enable=yes} ¦ CurrentDirectory: C:\Users\student\AppData\Local\Temp\ ¦ FileVersion: 10.0.26100.1 (WinBuild.160101.0800) ¦ IntegrityLevel: High ¦ OriginalFileName: PowerShell.EXE ¦ RuleName: - ¦ TerminalSessionId: 1 ¦ UtcTime: 2025-12-22 13:05:08.065","Sysmon_1_Info_ProcExec.yml","85790e3e-e270-499f-a6ad-f8afe85c35f1","C:\Tools\Logs\art_1562_004.evtx"
"2025-12-22 14:05:08.398 +01:00","Proc Exec","info","DESKTOP-G2OBL3D","Sysmon",1,"","","sysmon",166679,"Cmdline: ""C:\WINDOWS\system32\netsh.exe"" advfirewall firewall add rule ""name=Atomic Test"" dir=in action=allow program=C:\Users\student\AtomicTest.exe enable=yes ¦ Proc: C:\Windows\System32\netsh.exe ¦ User: DESKTOP-G2OBL3D\student ¦ ParentCmdline: ""powershell.exe"" & {Copy-Item \""""C:\AtomicRedTeam\atomics\T1562.004\bin\AtomicTest.exe\"""" -Destination \""""C:\Users\$env:UserName\"""" -Force netsh advfirewall firewall add rule name=\""""Atomic Test\"""" dir=in action=allow program=\""""C:\Users\$env:UserName\AtomicTest.exe\"""" enable=yes} ¦ LID: 0x18dcf ¦ LGUID: E9F06A57-0DF8-6949-CF8D-010000000000 ¦ PID: 4196 ¦ PGUID: E9F06A57-4204-6949-9605-000000002100 ¦ ParentPID: 6488 ¦ ParentPGUID: E9F06A57-4204-6949-9405-000000002100 ¦ Description: Network Command Shell ¦ Product: Microsoft® Windows® Operating System ¦ Company: Microsoft Corporation ¦ Hashes: MD5=12AD15E6AB0F8C8830F1F600381F204A,SHA256=69AE00A67DCE3C75A810408B1424D2901A6E08B37FD16C9DA87D1B5874B13DD6,IMPHASH=251873EE5CC9E54F8BB552E4F6FDBD14","CurrentDirectory: C:\Users\student\AppData\Local\Temp\ ¦ FileVersion: 10.0.26100.1150 (WinBuild.160101.0800) ¦ IntegrityLevel: High ¦ OriginalFileName: netsh.exe ¦ ParentCommandLine: ""powershell.exe"" & {Copy-Item \""""C:\AtomicRedTeam\atomics\T1562.004\bin\AtomicTest.exe\"""" -Destination \""""C:\Users\$env:UserName\"""" -Force netsh advfirewall firewall add rule name=\""""Atomic Test\"""" dir=in action=allow program=\""""C:\Users\$env:UserName\AtomicTest.exe\"""" enable=yes} ¦ ParentImage: C:\Windows\System32\WindowsPowerShell\v1.0\powershell.exe ¦ RuleName: - ¦ TerminalSessionId: 1 ¦ UtcTime: 2025-12-22 13:05:08.393","Sysmon_1_Info_ProcExec.yml","85790e3e-e270-499f-a6ad-f8afe85c35f1","C:\Tools\Logs\art_1562_004.evtx"
"2025-12-22 14:05:08.793 +01:00","Proc Exec","info","DESKTOP-G2OBL3D","Sysmon",1,"","","sysmon",166680,"Cmdline: ""cmd.exe"" /c reg add ""HKLM\SOFTWARE\Policies\Microsoft\WindowsFirewall\DomainProfile"" /v EnableFirewall /t REG_DWORD /d 0 /f & reg add ""HKLM\SOFTWARE\Policies\Microsoft\WindowsFirewall\StandardProfile"" /v EnableFirewall /t REG_DWORD /d 0 /f ¦ Proc: C:\Windows\System32\cmd.exe ¦ User: DESKTOP-G2OBL3D\student ¦ ParentCmdline: ""C:\WINDOWS\System32\WindowsPowerShell\v1.0\powershell.exe"" -exec bypass ¦ LID: 0x18dcf ¦ LGUID: E9F06A57-0DF8-6949-CF8D-010000000000 ¦ PID: 3172 ¦ PGUID: E9F06A57-4204-6949-9705-000000002100 ¦ ParentPID: 416 ¦ ParentPGUID: E9F06A57-37B7-6949-AD04-000000002100 ¦ Description: Windows Command Processor ¦ Product: Microsoft® Windows® Operating System ¦ Company: Microsoft Corporation ¦ Hashes: MD5=FE48494F2B5A9C452F12E9BBE93A6BE6,SHA256=746C77047FC973F7CA66F8AF28274A30E05F4BB1751EE8A2C6546D9DA48E1115,IMPHASH=EDEF5A2A98D730D4288FE684BA0B0E00","CurrentDirectory: C:\Users\student\AppData\Local\Temp\ ¦ FileVersion: 10.0.26100.2454 (WinBuild.160101.0800) ¦ IntegrityLevel: High ¦ OriginalFileName: Cmd.Exe ¦ ParentImage: C:\Windows\System32\WindowsPowerShell\v1.0\powershell.exe ¦ RuleName: - ¦ TerminalSessionId: 1 ¦ UtcTime: 2025-12-22 13:05:08.781","Sysmon_1_Info_ProcExec.yml","85790e3e-e270-499f-a6ad-f8afe85c35f1","C:\Tools\Logs\art_1562_004.evtx"
"2025-12-22 14:05:08.826 +01:00","Proc Exec","info","DESKTOP-G2OBL3D","Sysmon",1,"","","sysmon",166681,"Cmdline: reg add ""HKLM\SOFTWARE\Policies\Microsoft\WindowsFirewall\DomainProfile"" /v EnableFirewall /t REG_DWORD /d 0 /f ¦ Proc: C:\Windows\System32\reg.exe ¦ User: DESKTOP-G2OBL3D\student ¦ ParentCmdline: ""cmd.exe"" /c reg add ""HKLM\SOFTWARE\Policies\Microsoft\WindowsFirewall\DomainProfile"" /v EnableFirewall /t REG_DWORD /d 0 /f & reg add ""HKLM\SOFTWARE\Policies\Microsoft\WindowsFirewall\StandardProfile"" /v EnableFirewall /t REG_DWORD /d 0 /f ¦ LID: 0x18dcf ¦ LGUID: E9F06A57-0DF8-6949-CF8D-010000000000 ¦ PID: 3472 ¦ PGUID: E9F06A57-4204-6949-9905-000000002100 ¦ ParentPID: 3172 ¦ ParentPGUID: E9F06A57-4204-6949-9705-000000002100 ¦ Description: Registry Console Tool ¦ Product: Microsoft® Windows® Operating System ¦ Company: Microsoft Corporation ¦ Hashes: MD5=47FC2471604EB7D760938BF31456B12D,SHA256=321590E79C53AA24B197F08A21A0329E5AB9F212B2BD748AF09A7BE6F838F585,IMPHASH=3B322244D4C64F3C932F94E6E3457771","CurrentDirectory: C:\Users\student\AppData\Local\Temp\ ¦ FileVersion: 10.0.26100.1882 (WinBuild.160101.0800) ¦ IntegrityLevel: High ¦ OriginalFileName: reg.exe ¦ ParentImage: C:\Windows\System32\cmd.exe ¦ RuleName: - ¦ TerminalSessionId: 1 ¦ UtcTime: 2025-12-22 13:05:08.818","Sysmon_1_Info_ProcExec.yml","85790e3e-e270-499f-a6ad-f8afe85c35f1","C:\Tools\Logs\art_1562_004.evtx"
"2025-12-22 14:05:08.848 +01:00","Proc Exec","info","DESKTOP-G2OBL3D","Sysmon",1,"","","sysmon",166683,"Cmdline: reg add ""HKLM\SOFTWARE\Policies\Microsoft\WindowsFirewall\StandardProfile"" /v EnableFirewall /t REG_DWORD /d 0 /f ¦ Proc: C:\Windows\System32\reg.exe ¦ User: DESKTOP-G2OBL3D\student ¦ ParentCmdline: ""cmd.exe"" /c reg add ""HKLM\SOFTWARE\Policies\Microsoft\WindowsFirewall\DomainProfile"" /v EnableFirewall /t REG_DWORD /d 0 /f & reg add ""HKLM\SOFTWARE\Policies\Microsoft\WindowsFirewall\StandardProfile"" /v EnableFirewall /t REG_DWORD /d 0 /f ¦ LID: 0x18dcf ¦ LGUID: E9F06A57-0DF8-6949-CF8D-010000000000 ¦ PID: 4232 ¦ PGUID: E9F06A57-4204-6949-9A05-000000002100 ¦ ParentPID: 3172 ¦ ParentPGUID: E9F06A57-4204-6949-9705-000000002100 ¦ Description: Registry Console Tool ¦ Product: Microsoft® Windows® Operating System ¦ Company: Microsoft Corporation ¦ Hashes: MD5=47FC2471604EB7D760938BF31456B12D,SHA256=321590E79C53AA24B197F08A21A0329E5AB9F212B2BD748AF09A7BE6F838F585,IMPHASH=3B322244D4C64F3C932F94E6E3457771","CurrentDirectory: C:\Users\student\AppData\Local\Temp\ ¦ FileVersion: 10.0.26100.1882 (WinBuild.160101.0800) ¦ IntegrityLevel: High ¦ OriginalFileName: reg.exe ¦ ParentImage: C:\Windows\System32\cmd.exe ¦ RuleName: - ¦ TerminalSessionId: 1 ¦ UtcTime: 2025-12-22 13:05:08.840","Sysmon_1_Info_ProcExec.yml","85790e3e-e270-499f-a6ad-f8afe85c35f1","C:\Tools\Logs\art_1562_004.evtx"
"2025-12-22 14:05:09.079 +01:00","Proc Exec","info","DESKTOP-G2OBL3D","Sysmon",1,"","","sysmon",166685,"Cmdline: ""powershell.exe"" & {New-ItemProperty \""""HKLM:\SOFTWARE\Policies\Microsoft\WindowsFirewall\DomainProfile\"""" -Name EnableFirewall -PropertyType DWORD -Value 0 -Force New-ItemProperty \""""HKLM:\SOFTWARE\Policies\Microsoft\WindowsFirewall\StandardProfile\"""" -Name EnableFirewall -PropertyType DWORD -Value 0 -Force} ¦ Proc: C:\Windows\System32\WindowsPowerShell\v1.0\powershell.exe ¦ User: DESKTOP-G2OBL3D\student ¦ ParentCmdline: ""C:\WINDOWS\System32\WindowsPowerShell\v1.0\powershell.exe"" -exec bypass ¦ LID: 0x18dcf ¦ LGUID: E9F06A57-0DF8-6949-CF8D-010000000000 ¦ PID: 6368 ¦ PGUID: E9F06A57-4205-6949-9B05-000000002100 ¦ ParentPID: 416 ¦ ParentPGUID: E9F06A57-37B7-6949-AD04-000000002100 ¦ Description: Windows PowerShell ¦ Product: Microsoft® Windows® Operating System ¦ Company: Microsoft Corporation ¦ Hashes: MD5=909A2EEC5534F01DFF87B7D47E57BFF7,SHA256=D3B4B97C2BF97D70E5655FF4C4CA1D8CEF9DED51685CFD764247CFDA98EE68DF,IMPHASH=AFACF6DC9041114B198160AAB4D0AE77","CommandLine: ""powershell.exe"" & {New-ItemProperty \""""HKLM:\SOFTWARE\Policies\Microsoft\WindowsFirewall\DomainProfile\"""" -Name EnableFirewall -PropertyType DWORD -Value 0 -Force New-ItemProperty \""""HKLM:\SOFTWARE\Policies\Microsoft\WindowsFirewall\StandardProfile\"""" -Name EnableFirewall -PropertyType DWORD -Value 0 -Force} ¦ CurrentDirectory: C:\Users\student\AppData\Local\Temp\ ¦ FileVersion: 10.0.26100.1 (WinBuild.160101.0800) ¦ IntegrityLevel: High ¦ OriginalFileName: PowerShell.EXE ¦ RuleName: - ¦ TerminalSessionId: 1 ¦ UtcTime: 2025-12-22 13:05:09.069","Sysmon_1_Info_ProcExec.yml","85790e3e-e270-499f-a6ad-f8afe85c35f1","C:\Tools\Logs\art_1562_004.evtx"
"2025-12-22 14:05:09.600 +01:00","Proc Exec","info","DESKTOP-G2OBL3D","Sysmon",1,"","","sysmon",166689,"Cmdline: ""cmd.exe"" /c netsh firewall set opmode mode=disable ¦ Proc: C:\Windows\System32\cmd.exe ¦ User: DESKTOP-G2OBL3D\student ¦ ParentCmdline: ""C:\WINDOWS\System32\WindowsPowerShell\v1.0\powershell.exe"" -exec bypass ¦ LID: 0x18dcf ¦ LGUID: E9F06A57-0DF8-6949-CF8D-010000000000 ¦ PID: 10960 ¦ PGUID: E9F06A57-4205-6949-9D05-000000002100 ¦ ParentPID: 416 ¦ ParentPGUID: E9F06A57-37B7-6949-AD04-000000002100 ¦ Description: Windows Command Processor ¦ Product: Microsoft® Windows® Operating System ¦ Company: Microsoft Corporation ¦ Hashes: MD5=FE48494F2B5A9C452F12E9BBE93A6BE6,SHA256=746C77047FC973F7CA66F8AF28274A30E05F4BB1751EE8A2C6546D9DA48E1115,IMPHASH=EDEF5A2A98D730D4288FE684BA0B0E00","CurrentDirectory: C:\Users\student\AppData\Local\Temp\ ¦ FileVersion: 10.0.26100.2454 (WinBuild.160101.0800) ¦ IntegrityLevel: High ¦ OriginalFileName: Cmd.Exe ¦ ParentImage: C:\Windows\System32\WindowsPowerShell\v1.0\powershell.exe ¦ RuleName: - ¦ TerminalSessionId: 1 ¦ UtcTime: 2025-12-22 13:05:09.590","Sysmon_1_Info_ProcExec.yml","85790e3e-e270-499f-a6ad-f8afe85c35f1","C:\Tools\Logs\art_1562_004.evtx"
"2025-12-22 14:05:09.632 +01:00","Proc Exec","info","DESKTOP-G2OBL3D","Sysmon",1,"","","sysmon",166690,"Cmdline: netsh firewall set opmode mode=disable ¦ Proc: C:\Windows\System32\netsh.exe ¦ User: DESKTOP-G2OBL3D\student ¦ ParentCmdline: ""cmd.exe"" /c netsh firewall set opmode mode=disable ¦ LID: 0x18dcf ¦ LGUID: E9F06A57-0DF8-6949-CF8D-010000000000 ¦ PID: 9716 ¦ PGUID: E9F06A57-4205-6949-9F05-000000002100 ¦ ParentPID: 10960 ¦ ParentPGUID: E9F06A57-4205-6949-9D05-000000002100 ¦ Description: Network Command Shell ¦ Product: Microsoft® Windows® Operating System ¦ Company: Microsoft Corporation ¦ Hashes: MD5=12AD15E6AB0F8C8830F1F600381F204A,SHA256=69AE00A67DCE3C75A810408B1424D2901A6E08B37FD16C9DA87D1B5874B13DD6,IMPHASH=251873EE5CC9E54F8BB552E4F6FDBD14","CurrentDirectory: C:\Users\student\AppData\Local\Temp\ ¦ FileVersion: 10.0.26100.1150 (WinBuild.160101.0800) ¦ IntegrityLevel: High ¦ OriginalFileName: netsh.exe ¦ ParentImage: C:\Windows\System32\cmd.exe ¦ RuleName: - ¦ TerminalSessionId: 1 ¦ UtcTime: 2025-12-22 13:05:09.627","Sysmon_1_Info_ProcExec.yml","85790e3e-e270-499f-a6ad-f8afe85c35f1","C:\Tools\Logs\art_1562_004.evtx"
"2025-12-22 14:05:10.257 +01:00","Proc Exec","info","DESKTOP-G2OBL3D","Sysmon",1,"","","sysmon",166693,"Cmdline: ""cmd.exe"" /c C:\AtomicRedTeam\atomics\..\ExternalPayloads\plink.exe -ssh atomic.local -l root -pw n/a -m C:\AtomicRedTeam\atomics\..\atomics\T1562.004\src\esxi_disable_firewall.txt ¦ Proc: C:\Windows\System32\cmd.exe ¦ User: DESKTOP-G2OBL3D\student ¦ ParentCmdline: ""C:\WINDOWS\System32\WindowsPowerShell\v1.0\powershell.exe"" -exec bypass ¦ LID: 0x18dcf ¦ LGUID: E9F06A57-0DF8-6949-CF8D-010000000000 ¦ PID: 792 ¦ PGUID: E9F06A57-4206-6949-A005-000000002100 ¦ ParentPID: 416 ¦ ParentPGUID: E9F06A57-37B7-6949-AD04-000000002100 ¦ Description: Windows Command Processor ¦ Product: Microsoft® Windows® Operating System ¦ Company: Microsoft Corporation ¦ Hashes: MD5=FE48494F2B5A9C452F12E9BBE93A6BE6,SHA256=746C77047FC973F7CA66F8AF28274A30E05F4BB1751EE8A2C6546D9DA48E1115,IMPHASH=EDEF5A2A98D730D4288FE684BA0B0E00","CurrentDirectory: C:\Users\student\AppData\Local\Temp\ ¦ FileVersion: 10.0.26100.2454 (WinBuild.160101.0800) ¦ IntegrityLevel: High ¦ OriginalFileName: Cmd.Exe ¦ ParentImage: C:\Windows\System32\WindowsPowerShell\v1.0\powershell.exe ¦ RuleName: - ¦ TerminalSessionId: 1 ¦ UtcTime: 2025-12-22 13:05:10.245","Sysmon_1_Info_ProcExec.yml","85790e3e-e270-499f-a6ad-f8afe85c35f1","C:\Tools\Logs\art_1562_004.evtx"
"2025-12-22 14:05:10.344 +01:00","Proc Exec","info","DESKTOP-G2OBL3D","Sysmon",1,"","","sysmon",166694,"Cmdline: C:\AtomicRedTeam\atomics\..\ExternalPayloads\plink.exe -ssh atomic.local -l root -pw n/a -m C:\AtomicRedTeam\atomics\..\atomics\T1562.004\src\esxi_disable_firewall.txt ¦ Proc: C:\AtomicRedTeam\ExternalPayloads\plink.exe ¦ User: DESKTOP-G2OBL3D\student ¦ ParentCmdline: ""cmd.exe"" /c C:\AtomicRedTeam\atomics\..\ExternalPayloads\plink.exe -ssh atomic.local -l root -pw n/a -m C:\AtomicRedTeam\atomics\..\atomics\T1562.004\src\esxi_disable_firewall.txt ¦ LID: 0x18dcf ¦ LGUID: E9F06A57-0DF8-6949-CF8D-010000000000 ¦ PID: 2796 ¦ PGUID: E9F06A57-4206-6949-A205-000000002100 ¦ ParentPID: 792 ¦ ParentPGUID: E9F06A57-4206-6949-A005-000000002100 ¦ Description: Command-line SSH, Telnet, and Rlogin client ¦ Product: PuTTY suite ¦ Company: Simon Tatham ¦ Hashes: MD5=269CE7B3A3FCDF735CD8A37C04ABFDAE,SHA256=50479953865B30775056441B10FDCB984126BA4F98AF4F64756902A807B453E7,IMPHASH=3CA93122BBD07CF43DF87B15FEF5C516","CurrentDirectory: C:\Users\student\AppData\Local\Temp\ ¦ FileVersion: Release 0.83 ¦ IntegrityLevel: High ¦ OriginalFileName: Plink ¦ ParentImage: C:\Windows\System32\cmd.exe ¦ RuleName: - ¦ TerminalSessionId: 1 ¦ UtcTime: 2025-12-22 13:05:10.333","Sysmon_1_Info_ProcExec.yml","85790e3e-e270-499f-a6ad-f8afe85c35f1","C:\Tools\Logs\art_1562_004.evtx"
"2025-12-22 14:05:29.048 +01:00","Proc Exec","info","DESKTOP-G2OBL3D","Sysmon",1,"","","sysmon",166695,"Cmdline: ""powershell.exe"" & {New-NetFirewallRule -DisplayName \""""New rule\"""" -Direction \""""Inbound\"""" -LocalPort \""""21\"""" -Protocol \""""TCP\"""" -Action \""""allow\""""} ¦ Proc: C:\Windows\System32\WindowsPowerShell\v1.0\powershell.exe ¦ User: DESKTOP-G2OBL3D\student ¦ ParentCmdline: ""C:\WINDOWS\System32\WindowsPowerShell\v1.0\powershell.exe"" -exec bypass ¦ LID: 0x18dcf ¦ LGUID: E9F06A57-0DF8-6949-CF8D-010000000000 ¦ PID: 5600 ¦ PGUID: E9F06A57-4219-6949-A405-000000002100 ¦ ParentPID: 416 ¦ ParentPGUID: E9F06A57-37B7-6949-AD04-000000002100 ¦ Description: Windows PowerShell ¦ Product: Microsoft® Windows® Operating System ¦ Company: Microsoft Corporation ¦ Hashes: MD5=909A2EEC5534F01DFF87B7D47E57BFF7,SHA256=D3B4B97C2BF97D70E5655FF4C4CA1D8CEF9DED51685CFD764247CFDA98EE68DF,IMPHASH=AFACF6DC9041114B198160AAB4D0AE77","CurrentDirectory: C:\Users\student\AppData\Local\Temp\ ¦ FileVersion: 10.0.26100.1 (WinBuild.160101.0800) ¦ IntegrityLevel: High ¦ OriginalFileName: PowerShell.EXE ¦ RuleName: - ¦ TerminalSessionId: 1 ¦ UtcTime: 2025-12-22 13:05:29.037","Sysmon_1_Info_ProcExec.yml","85790e3e-e270-499f-a6ad-f8afe85c35f1","C:\Tools\Logs\art_1562_004.evtx"
"2025-12-22 14:05:33.035 +01:00","Proc Exec","info","DESKTOP-G2OBL3D","Sysmon",1,"","","sysmon",166698,"Cmdline: ""cmd.exe"" /c echo """" | ""C:\AtomicRedTeam\atomics\..\ExternalPayloads\plink.exe"" -batch ""atomic.local"" -ssh -l root -pw ""password"" ""esxcli network firewall set --default-action true"" ¦ Proc: C:\Windows\System32\cmd.exe ¦ User: DESKTOP-G2OBL3D\student ¦ ParentCmdline: ""C:\WINDOWS\System32\WindowsPowerShell\v1.0\powershell.exe"" -exec bypass ¦ LID: 0x18dcf ¦ LGUID: E9F06A57-0DF8-6949-CF8D-010000000000 ¦ PID: 10208 ¦ PGUID: E9F06A57-421D-6949-A605-000000002100 ¦ ParentPID: 416 ¦ ParentPGUID: E9F06A57-37B7-6949-AD04-000000002100 ¦ Description: Windows Command Processor ¦ Product: Microsoft® Windows® Operating System ¦ Company: Microsoft Corporation ¦ Hashes: MD5=FE48494F2B5A9C452F12E9BBE93A6BE6,SHA256=746C77047FC973F7CA66F8AF28274A30E05F4BB1751EE8A2C6546D9DA48E1115,IMPHASH=EDEF5A2A98D730D4288FE684BA0B0E00","CurrentDirectory: C:\Users\student\AppData\Local\Temp\ ¦ FileVersion: 10.0.26100.2454 (WinBuild.160101.0800) ¦ IntegrityLevel: High ¦ OriginalFileName: Cmd.Exe ¦ ParentImage: C:\Windows\System32\WindowsPowerShell\v1.0\powershell.exe ¦ RuleName: - ¦ TerminalSessionId: 1 ¦ UtcTime: 2025-12-22 13:05:33.022","Sysmon_1_Info_ProcExec.yml","85790e3e-e270-499f-a6ad-f8afe85c35f1","C:\Tools\Logs\art_1562_004.evtx"
"2025-12-22 14:05:33.079 +01:00","Proc Exec","info","DESKTOP-G2OBL3D","Sysmon",1,"","","sysmon",166699,"Cmdline: C:\WINDOWS\system32\cmd.exe /S /D /c"" echo """" "" ¦ Proc: C:\Windows\System32\cmd.exe ¦ User: DESKTOP-G2OBL3D\student ¦ ParentCmdline: ""cmd.exe"" /c echo """" | ""C:\AtomicRedTeam\atomics\..\ExternalPayloads\plink.exe"" -batch ""atomic.local"" -ssh -l root -pw ""password"" ""esxcli network firewall set --default-action true"" ¦ LID: 0x18dcf ¦ LGUID: E9F06A57-0DF8-6949-CF8D-010000000000 ¦ PID: 1824 ¦ PGUID: E9F06A57-421D-6949-A805-000000002100 ¦ ParentPID: 10208 ¦ ParentPGUID: E9F06A57-421D-6949-A605-000000002100 ¦ Description: Windows Command Processor ¦ Product: Microsoft® Windows® Operating System ¦ Company: Microsoft Corporation ¦ Hashes: MD5=FE48494F2B5A9C452F12E9BBE93A6BE6,SHA256=746C77047FC973F7CA66F8AF28274A30E05F4BB1751EE8A2C6546D9DA48E1115,IMPHASH=EDEF5A2A98D730D4288FE684BA0B0E00","CurrentDirectory: C:\Users\student\AppData\Local\Temp\ ¦ FileVersion: 10.0.26100.2454 (WinBuild.160101.0800) ¦ IntegrityLevel: High ¦ OriginalFileName: Cmd.Exe ¦ RuleName: - ¦ TerminalSessionId: 1 ¦ UtcTime: 2025-12-22 13:05:33.072","Sysmon_1_Info_ProcExec.yml","85790e3e-e270-499f-a6ad-f8afe85c35f1","C:\Tools\Logs\art_1562_004.evtx"
"2025-12-22 14:05:33.086 +01:00","Proc Exec","info","DESKTOP-G2OBL3D","Sysmon",1,"","","sysmon",166700,"Cmdline: ""C:\AtomicRedTeam\atomics\..\ExternalPayloads\plink.exe"" -batch ""atomic.local"" -ssh -l root -pw ""password"" ""esxcli network firewall set --default-action true"" ¦ Proc: C:\AtomicRedTeam\ExternalPayloads\plink.exe ¦ User: DESKTOP-G2OBL3D\student ¦ ParentCmdline: ""cmd.exe"" /c echo """" | ""C:\AtomicRedTeam\atomics\..\ExternalPayloads\plink.exe"" -batch ""atomic.local"" -ssh -l root -pw ""password"" ""esxcli network firewall set --default-action true"" ¦ LID: 0x18dcf ¦ LGUID: E9F06A57-0DF8-6949-CF8D-010000000000 ¦ PID: 11092 ¦ PGUID: E9F06A57-421D-6949-A905-000000002100 ¦ ParentPID: 10208 ¦ ParentPGUID: E9F06A57-421D-6949-A605-000000002100 ¦ Description: Command-line SSH, Telnet, and Rlogin client ¦ Product: PuTTY suite ¦ Company: Simon Tatham ¦ Hashes: MD5=269CE7B3A3FCDF735CD8A37C04ABFDAE,SHA256=50479953865B30775056441B10FDCB984126BA4F98AF4F64756902A807B453E7,IMPHASH=3CA93122BBD07CF43DF87B15FEF5C516","CurrentDirectory: C:\Users\student\AppData\Local\Temp\ ¦ FileVersion: Release 0.83 ¦ IntegrityLevel: High ¦ OriginalFileName: Plink ¦ ParentImage: C:\Windows\System32\cmd.exe ¦ RuleName: - ¦ TerminalSessionId: 1 ¦ UtcTime: 2025-12-22 13:05:33.083","Sysmon_1_Info_ProcExec.yml","85790e3e-e270-499f-a6ad-f8afe85c35f1","C:\Tools\Logs\art_1562_004.evtx"
"2025-12-22 14:05:30.772 +01:00","DNS Query","info","DESKTOP-G2OBL3D","Sysmon",22,"","","sysmon",166697,"Query: atomic.local ¦ Result: - ¦ Proc: C:\AtomicRedTeam\ExternalPayloads\plink.exe ¦ PID: 2796 ¦ PGUID: E9F06A57-4206-6949-A205-000000002100","QueryStatus: 1460 ¦ User: DESKTOP-G2OBL3D\student ¦ UtcTime: 2025-12-22 13:05:28.760","Sysmon_22_Info_DNS-Query.yml","d98f628c-2579-4388-bacc-381433b28e5b","C:\Tools\Logs\art_1562_004.evtx"
"2025-12-22 14:05:53.459 +01:00","DNS Query","info","DESKTOP-G2OBL3D","Sysmon",22,"","","sysmon",166701,"Query: atomic.local ¦ Result: - ¦ Proc: C:\AtomicRedTeam\ExternalPayloads\plink.exe ¦ PID: 11092 ¦ PGUID: E9F06A57-421D-6949-A905-000000002100","QueryStatus: 1460 ¦ User: DESKTOP-G2OBL3D\student ¦ UtcTime: 2025-12-22 13:05:51.444","Sysmon_22_Info_DNS-Query.yml","d98f628c-2579-4388-bacc-381433b28e5b","C:\Tools\Logs\art_1562_004.evtx"
"2025-12-22 14:05:08.370 +01:00","Potential Binary Or Script Dropper Via PowerShell","med","DESKTOP-G2OBL3D","Sysmon",11,"Persis","","sysmon",166678,"Path: C:\Users\student\AtomicTest.exe ¦ Proc: C:\WINDOWS\System32\WindowsPowerShell\v1.0\powershell.exe ¦ PID: 6488 ¦ PGUID: E9F06A57-4204-6949-9405-000000002100","CreationUtcTime: 2025-12-22 13:05:08.370 ¦ RuleName: EXE ¦ User: DESKTOP-G2OBL3D\student ¦ UtcTime: 2025-12-22 13:05:08.370","file_event_win_powershell_drop_binary_or_script.yml","ef64fe9a-89fc-6623-4977-ce889d903f94","C:\Tools\Logs\art_1562_004.evtx"
"2025-12-22 14:05:01.202 +01:00","Suspicious Execution of Hostname","low","DESKTOP-G2OBL3D","Sysmon",1,"Disc","T1082","sysmon",166656,"Cmdline: ""C:\WINDOWS\system32\HOSTNAME.EXE"" ¦ Proc: C:\Windows\System32\HOSTNAME.EXE ¦ User: DESKTOP-G2OBL3D\student ¦ ParentCmdline: ""C:\WINDOWS\System32\WindowsPowerShell\v1.0\powershell.exe"" -exec bypass ¦ LID: 0x18dcf ¦ LGUID: E9F06A57-0DF8-6949-CF8D-010000000000 ¦ PID: 11216 ¦ PGUID: E9F06A57-41FD-6949-7F05-000000002100 ¦ ParentPID: 416 ¦ ParentPGUID: E9F06A57-37B7-6949-AD04-000000002100 ¦ Description: Hostname APP ¦ Product: Microsoft® Windows® Operating System ¦ Company: Microsoft Corporation ¦ Hashes: MD5=0411E7CFE0D452AFE541C1EA45033168,SHA256=8FF283FB7A282A9B2B30235016669DFE795665BCBB254FD17AC31FA9308D89D9,IMPHASH=8CB84C534505B1E47EF25FA2CD9A16BB","CurrentDirectory: C:\WINDOWS\system32\ ¦ FileVersion: 10.0.26100.2161 (WinBuild.160101.0800) ¦ IntegrityLevel: High ¦ OriginalFileName: hostname.exe ¦ ParentImage: C:\Windows\System32\WindowsPowerShell\v1.0\powershell.exe ¦ RuleName: - ¦ TerminalSessionId: 1 ¦ UtcTime: 2025-12-22 13:05:01.194","proc_creation_win_hostname_execution.yml","cd4f18d8-b261-1a76-2600-f039cd6f0310","C:\Tools\Logs\art_1562_004.evtx"
"2025-12-22 14:05:06.809 +01:00","New Firewall Rule Added Via Netsh.EXE","med","DESKTOP-G2OBL3D","Sysmon",1,"Evas","T1562.004 ¦ S0246","sysmon",166672,"Cmdline: netsh advfirewall firewall add rule name=""atomic testing"" action=allow dir=in protocol=TCP localport=450 ¦ Proc: C:\Windows\System32\netsh.exe ¦ User: DESKTOP-G2OBL3D\student ¦ ParentCmdline: ""cmd.exe"" /c netsh advfirewall firewall add rule name=""atomic testing"" action=allow dir=in protocol=TCP localport=450 ¦ LID: 0x18dcf ¦ LGUID: E9F06A57-0DF8-6949-CF8D-010000000000 ¦ PID: 3840 ¦ PGUID: E9F06A57-4202-6949-9005-000000002100 ¦ ParentPID: 8652 ¦ ParentPGUID: E9F06A57-4202-6949-8E05-000000002100 ¦ Description: Network Command Shell ¦ Product: Microsoft® Windows® Operating System ¦ Company: Microsoft Corporation ¦ Hashes: MD5=12AD15E6AB0F8C8830F1F600381F204A,SHA256=69AE00A67DCE3C75A810408B1424D2901A6E08B37FD16C9DA87D1B5874B13DD6,IMPHASH=251873EE5CC9E54F8BB552E4F6FDBD14","CurrentDirectory: C:\Users\student\AppData\Local\Temp\ ¦ FileVersion: 10.0.26100.1150 (WinBuild.160101.0800) ¦ IntegrityLevel: High ¦ OriginalFileName: netsh.exe ¦ ParentImage: C:\Windows\System32\cmd.exe ¦ RuleName: - ¦ TerminalSessionId: 1 ¦ UtcTime: 2025-12-22 13:05:06.803","proc_creation_win_netsh_fw_add_rule.yml","f219e14f-c30c-9894-7d20-e6123055932d","C:\Tools\Logs\art_1562_004.evtx"
"2025-12-22 14:05:07.551 +01:00","New Firewall Rule Added Via Netsh.EXE","med","DESKTOP-G2OBL3D","Sysmon",1,"Evas","T1562.004 ¦ S0246","sysmon",166675,"Cmdline: ""C:\WINDOWS\system32\netsh.exe"" advfirewall firewall add rule ""name=Open Port to Any"" dir=in protocol=tcp localport=3389 action=allow profile=any ¦ Proc: C:\Windows\System32\netsh.exe ¦ User: DESKTOP-G2OBL3D\student ¦ ParentCmdline: ""powershell.exe"" & {netsh advfirewall firewall add rule name=\""""Open Port to Any\"""" dir=in protocol=tcp localport=3389 action=allow profile=any} ¦ LID: 0x18dcf ¦ LGUID: E9F06A57-0DF8-6949-CF8D-010000000000 ¦ PID: 10796 ¦ PGUID: E9F06A57-4203-6949-9305-000000002100 ¦ ParentPID: 6628 ¦ ParentPGUID: E9F06A57-4203-6949-9105-000000002100 ¦ Description: Network Command Shell ¦ Product: Microsoft® Windows® Operating System ¦ Company: Microsoft Corporation ¦ Hashes: MD5=12AD15E6AB0F8C8830F1F600381F204A,SHA256=69AE00A67DCE3C75A810408B1424D2901A6E08B37FD16C9DA87D1B5874B13DD6,IMPHASH=251873EE5CC9E54F8BB552E4F6FDBD14","CurrentDirectory: C:\Users\student\AppData\Local\Temp\ ¦ FileVersion: 10.0.26100.1150 (WinBuild.160101.0800) ¦ IntegrityLevel: High ¦ OriginalFileName: netsh.exe ¦ ParentImage: C:\Windows\System32\WindowsPowerShell\v1.0\powershell.exe ¦ RuleName: - ¦ TerminalSessionId: 1 ¦ UtcTime: 2025-12-22 13:05:07.546","proc_creation_win_netsh_fw_add_rule.yml","f219e14f-c30c-9894-7d20-e6123055932d","C:\Tools\Logs\art_1562_004.evtx"
"2025-12-22 14:05:08.398 +01:00","New Firewall Rule Added Via Netsh.EXE","med","DESKTOP-G2OBL3D","Sysmon",1,"Evas","T1562.004 ¦ S0246","sysmon",166679,"Cmdline: ""C:\WINDOWS\system32\netsh.exe"" advfirewall firewall add rule ""name=Atomic Test"" dir=in action=allow program=C:\Users\student\AtomicTest.exe enable=yes ¦ Proc: C:\Windows\System32\netsh.exe ¦ User: DESKTOP-G2OBL3D\student ¦ ParentCmdline: ""powershell.exe"" & {Copy-Item \""""C:\AtomicRedTeam\atomics\T1562.004\bin\AtomicTest.exe\"""" -Destination \""""C:\Users\$env:UserName\"""" -Force netsh advfirewall firewall add rule name=\""""Atomic Test\"""" dir=in action=allow program=\""""C:\Users\$env:UserName\AtomicTest.exe\"""" enable=yes} ¦ LID: 0x18dcf ¦ LGUID: E9F06A57-0DF8-6949-CF8D-010000000000 ¦ PID: 4196 ¦ PGUID: E9F06A57-4204-6949-9605-000000002100 ¦ ParentPID: 6488 ¦ ParentPGUID: E9F06A57-4204-6949-9405-000000002100 ¦ Description: Network Command Shell ¦ Product: Microsoft® Windows® Operating System ¦ Company: Microsoft Corporation ¦ Hashes: MD5=12AD15E6AB0F8C8830F1F600381F204A,SHA256=69AE00A67DCE3C75A810408B1424D2901A6E08B37FD16C9DA87D1B5874B13DD6,IMPHASH=251873EE5CC9E54F8BB552E4F6FDBD14","CurrentDirectory: C:\Users\student\AppData\Local\Temp\ ¦ FileVersion: 10.0.26100.1150 (WinBuild.160101.0800) ¦ IntegrityLevel: High ¦ OriginalFileName: netsh.exe ¦ ParentCommandLine: ""powershell.exe"" & {Copy-Item \""""C:\AtomicRedTeam\atomics\T1562.004\bin\AtomicTest.exe\"""" -Destination \""""C:\Users\$env:UserName\"""" -Force netsh advfirewall firewall add rule name=\""""Atomic Test\"""" dir=in action=allow program=\""""C:\Users\$env:UserName\AtomicTest.exe\"""" enable=yes} ¦ ParentImage: C:\Windows\System32\WindowsPowerShell\v1.0\powershell.exe ¦ RuleName: - ¦ TerminalSessionId: 1 ¦ UtcTime: 2025-12-22 13:05:08.393","proc_creation_win_netsh_fw_add_rule.yml","f219e14f-c30c-9894-7d20-e6123055932d","C:\Tools\Logs\art_1562_004.evtx"
"2025-12-22 14:05:07.551 +01:00","RDP Connection Allowed Via Netsh.EXE","high","DESKTOP-G2OBL3D","Sysmon",1,"Evas","T1562.004","sysmon",166675,"Cmdline: ""C:\WINDOWS\system32\netsh.exe"" advfirewall firewall add rule ""name=Open Port to Any"" dir=in protocol=tcp localport=3389 action=allow profile=any ¦ Proc: C:\Windows\System32\netsh.exe ¦ User: DESKTOP-G2OBL3D\student ¦ ParentCmdline: ""powershell.exe"" & {netsh advfirewall firewall add rule name=\""""Open Port to Any\"""" dir=in protocol=tcp localport=3389 action=allow profile=any} ¦ LID: 0x18dcf ¦ LGUID: E9F06A57-0DF8-6949-CF8D-010000000000 ¦ PID: 10796 ¦ PGUID: E9F06A57-4203-6949-9305-000000002100 ¦ ParentPID: 6628 ¦ ParentPGUID: E9F06A57-4203-6949-9105-000000002100 ¦ Description: Network Command Shell ¦ Product: Microsoft® Windows® Operating System ¦ Company: Microsoft Corporation ¦ Hashes: MD5=12AD15E6AB0F8C8830F1F600381F204A,SHA256=69AE00A67DCE3C75A810408B1424D2901A6E08B37FD16C9DA87D1B5874B13DD6,IMPHASH=251873EE5CC9E54F8BB552E4F6FDBD14","CurrentDirectory: C:\Users\student\AppData\Local\Temp\ ¦ FileVersion: 10.0.26100.1150 (WinBuild.160101.0800) ¦ IntegrityLevel: High ¦ OriginalFileName: netsh.exe ¦ ParentImage: C:\Windows\System32\WindowsPowerShell\v1.0\powershell.exe ¦ RuleName: - ¦ TerminalSessionId: 1 ¦ UtcTime: 2025-12-22 13:05:07.546","proc_creation_win_netsh_fw_allow_rdp.yml","0b60d7e8-424c-f2c1-0cae-2e1dbaaf1170","C:\Tools\Logs\art_1562_004.evtx"
"2025-12-22 14:05:01.649 +01:00","Firewall Disabled via Netsh.EXE","med","DESKTOP-G2OBL3D","Sysmon",1,"Evas","T1562.004 ¦ S0108","sysmon",166659,"Cmdline: netsh advfirewall set currentprofile state off ¦ Proc: C:\Windows\System32\netsh.exe ¦ User: DESKTOP-G2OBL3D\student ¦ ParentCmdline: ""cmd.exe"" /c netsh advfirewall set currentprofile state off ¦ LID: 0x18dcf ¦ LGUID: E9F06A57-0DF8-6949-CF8D-010000000000 ¦ PID: 2184 ¦ PGUID: E9F06A57-41FD-6949-8305-000000002100 ¦ ParentPID: 10312 ¦ ParentPGUID: E9F06A57-41FD-6949-8105-000000002100 ¦ Description: Network Command Shell ¦ Product: Microsoft® Windows® Operating System ¦ Company: Microsoft Corporation ¦ Hashes: MD5=12AD15E6AB0F8C8830F1F600381F204A,SHA256=69AE00A67DCE3C75A810408B1424D2901A6E08B37FD16C9DA87D1B5874B13DD6,IMPHASH=251873EE5CC9E54F8BB552E4F6FDBD14","CurrentDirectory: C:\Users\student\AppData\Local\Temp\ ¦ FileVersion: 10.0.26100.1150 (WinBuild.160101.0800) ¦ IntegrityLevel: High ¦ OriginalFileName: netsh.exe ¦ ParentImage: C:\Windows\System32\cmd.exe ¦ RuleName: - ¦ TerminalSessionId: 1 ¦ UtcTime: 2025-12-22 13:05:01.640","proc_creation_win_netsh_fw_disable.yml","87f5ceb7-47fd-4205-c8a5-3e58affe1a30","C:\Tools\Logs\art_1562_004.evtx"
"2025-12-22 14:05:09.632 +01:00","Firewall Disabled via Netsh.EXE","med","DESKTOP-G2OBL3D","Sysmon",1,"Evas","T1562.004 ¦ S0108","sysmon",166690,"Cmdline: netsh firewall set opmode mode=disable ¦ Proc: C:\Windows\System32\netsh.exe ¦ User: DESKTOP-G2OBL3D\student ¦ ParentCmdline: ""cmd.exe"" /c netsh firewall set opmode mode=disable ¦ LID: 0x18dcf ¦ LGUID: E9F06A57-0DF8-6949-CF8D-010000000000 ¦ PID: 9716 ¦ PGUID: E9F06A57-4205-6949-9F05-000000002100 ¦ ParentPID: 10960 ¦ ParentPGUID: E9F06A57-4205-6949-9D05-000000002100 ¦ Description: Network Command Shell ¦ Product: Microsoft® Windows® Operating System ¦ Company: Microsoft Corporation ¦ Hashes: MD5=12AD15E6AB0F8C8830F1F600381F204A,SHA256=69AE00A67DCE3C75A810408B1424D2901A6E08B37FD16C9DA87D1B5874B13DD6,IMPHASH=251873EE5CC9E54F8BB552E4F6FDBD14","CurrentDirectory: C:\Users\student\AppData\Local\Temp\ ¦ FileVersion: 10.0.26100.1150 (WinBuild.160101.0800) ¦ IntegrityLevel: High ¦ OriginalFileName: netsh.exe ¦ ParentImage: C:\Windows\System32\cmd.exe ¦ RuleName: - ¦ TerminalSessionId: 1 ¦ UtcTime: 2025-12-22 13:05:09.627","proc_creation_win_netsh_fw_disable.yml","87f5ceb7-47fd-4205-c8a5-3e58affe1a30","C:\Tools\Logs\art_1562_004.evtx"
"2025-12-22 14:05:05.082 +01:00","Netsh Allow Group Policy on Microsoft Defender Firewall","med","DESKTOP-G2OBL3D","Sysmon",1,"Evas","T1562.004","sysmon",166669,"Cmdline: netsh advfirewall firewall set rule group=""remote desktop"" new enable=Yes ¦ Proc: C:\Windows\System32\netsh.exe ¦ User: DESKTOP-G2OBL3D\student ¦ ParentCmdline: ""cmd.exe"" /c netsh advfirewall firewall set rule group=""remote desktop"" new enable=Yes & netsh advfirewall firewall set rule group=""file and printer sharing"" new enable=Yes ¦ LID: 0x18dcf ¦ LGUID: E9F06A57-0DF8-6949-CF8D-010000000000 ¦ PID: 10660 ¦ PGUID: E9F06A57-4200-6949-8C05-000000002100 ¦ ParentPID: 6296 ¦ ParentPGUID: E9F06A57-4200-6949-8A05-000000002100 ¦ Description: Network Command Shell ¦ Product: Microsoft® Windows® Operating System ¦ Company: Microsoft Corporation ¦ Hashes: MD5=12AD15E6AB0F8C8830F1F600381F204A,SHA256=69AE00A67DCE3C75A810408B1424D2901A6E08B37FD16C9DA87D1B5874B13DD6,IMPHASH=251873EE5CC9E54F8BB552E4F6FDBD14","CurrentDirectory: C:\Users\student\AppData\Local\Temp\ ¦ FileVersion: 10.0.26100.1150 (WinBuild.160101.0800) ¦ IntegrityLevel: High ¦ OriginalFileName: netsh.exe ¦ ParentImage: C:\Windows\System32\cmd.exe ¦ RuleName: - ¦ TerminalSessionId: 1 ¦ UtcTime: 2025-12-22 13:05:04.875","proc_creation_win_netsh_fw_enable_group_rule.yml","b4fa9628-1d16-fc5f-3e26-5dc2cd517e97","C:\Tools\Logs\art_1562_004.evtx"
"2025-12-22 14:05:05.803 +01:00","Netsh Allow Group Policy on Microsoft Defender Firewall","med","DESKTOP-G2OBL3D","Sysmon",1,"Evas","T1562.004","sysmon",166670,"Cmdline: netsh advfirewall firewall set rule group=""file and printer sharing"" new enable=Yes ¦ Proc: C:\Windows\System32\netsh.exe ¦ User: DESKTOP-G2OBL3D\student ¦ ParentCmdline: ""cmd.exe"" /c netsh advfirewall firewall set rule group=""remote desktop"" new enable=Yes & netsh advfirewall firewall set rule group=""file and printer sharing"" new enable=Yes ¦ LID: 0x18dcf ¦ LGUID: E9F06A57-0DF8-6949-CF8D-010000000000 ¦ PID: 7648 ¦ PGUID: E9F06A57-4201-6949-8D05-000000002100 ¦ ParentPID: 6296 ¦ ParentPGUID: E9F06A57-4200-6949-8A05-000000002100 ¦ Description: Network Command Shell ¦ Product: Microsoft® Windows® Operating System ¦ Company: Microsoft Corporation ¦ Hashes: MD5=12AD15E6AB0F8C8830F1F600381F204A,SHA256=69AE00A67DCE3C75A810408B1424D2901A6E08B37FD16C9DA87D1B5874B13DD6,IMPHASH=251873EE5CC9E54F8BB552E4F6FDBD14","CurrentDirectory: C:\Users\student\AppData\Local\Temp\ ¦ FileVersion: 10.0.26100.1150 (WinBuild.160101.0800) ¦ IntegrityLevel: High ¦ OriginalFileName: netsh.exe ¦ ParentImage: C:\Windows\System32\cmd.exe ¦ RuleName: - ¦ TerminalSessionId: 1 ¦ UtcTime: 2025-12-22 13:05:05.799","proc_creation_win_netsh_fw_enable_group_rule.yml","b4fa9628-1d16-fc5f-3e26-5dc2cd517e97","C:\Tools\Logs\art_1562_004.evtx"
"2025-12-22 14:05:05.082 +01:00","Firewall Rule Update Via Netsh.EXE","med","DESKTOP-G2OBL3D","Sysmon",1,"Evas","","sysmon",166669,"Cmdline: netsh advfirewall firewall set rule group=""remote desktop"" new enable=Yes ¦ Proc: C:\Windows\System32\netsh.exe ¦ User: DESKTOP-G2OBL3D\student ¦ ParentCmdline: ""cmd.exe"" /c netsh advfirewall firewall set rule group=""remote desktop"" new enable=Yes & netsh advfirewall firewall set rule group=""file and printer sharing"" new enable=Yes ¦ LID: 0x18dcf ¦ LGUID: E9F06A57-0DF8-6949-CF8D-010000000000 ¦ PID: 10660 ¦ PGUID: E9F06A57-4200-6949-8C05-000000002100 ¦ ParentPID: 6296 ¦ ParentPGUID: E9F06A57-4200-6949-8A05-000000002100 ¦ Description: Network Command Shell ¦ Product: Microsoft® Windows® Operating System ¦ Company: Microsoft Corporation ¦ Hashes: MD5=12AD15E6AB0F8C8830F1F600381F204A,SHA256=69AE00A67DCE3C75A810408B1424D2901A6E08B37FD16C9DA87D1B5874B13DD6,IMPHASH=251873EE5CC9E54F8BB552E4F6FDBD14","CurrentDirectory: C:\Users\student\AppData\Local\Temp\ ¦ FileVersion: 10.0.26100.1150 (WinBuild.160101.0800) ¦ IntegrityLevel: High ¦ OriginalFileName: netsh.exe ¦ ParentImage: C:\Windows\System32\cmd.exe ¦ RuleName: - ¦ TerminalSessionId: 1 ¦ UtcTime: 2025-12-22 13:05:04.875","proc_creation_win_netsh_fw_set_rule.yml","3ef49978-e382-2fec-4894-49ae7a455e0d","C:\Tools\Logs\art_1562_004.evtx"
"2025-12-22 14:05:05.803 +01:00","Firewall Rule Update Via Netsh.EXE","med","DESKTOP-G2OBL3D","Sysmon",1,"Evas","","sysmon",166670,"Cmdline: netsh advfirewall firewall set rule group=""file and printer sharing"" new enable=Yes ¦ Proc: C:\Windows\System32\netsh.exe ¦ User: DESKTOP-G2OBL3D\student ¦ ParentCmdline: ""cmd.exe"" /c netsh advfirewall firewall set rule group=""remote desktop"" new enable=Yes & netsh advfirewall firewall set rule group=""file and printer sharing"" new enable=Yes ¦ LID: 0x18dcf ¦ LGUID: E9F06A57-0DF8-6949-CF8D-010000000000 ¦ PID: 7648 ¦ PGUID: E9F06A57-4201-6949-8D05-000000002100 ¦ ParentPID: 6296 ¦ ParentPGUID: E9F06A57-4200-6949-8A05-000000002100 ¦ Description: Network Command Shell ¦ Product: Microsoft® Windows® Operating System ¦ Company: Microsoft Corporation ¦ Hashes: MD5=12AD15E6AB0F8C8830F1F600381F204A,SHA256=69AE00A67DCE3C75A810408B1424D2901A6E08B37FD16C9DA87D1B5874B13DD6,IMPHASH=251873EE5CC9E54F8BB552E4F6FDBD14","CurrentDirectory: C:\Users\student\AppData\Local\Temp\ ¦ FileVersion: 10.0.26100.1150 (WinBuild.160101.0800) ¦ IntegrityLevel: High ¦ OriginalFileName: netsh.exe ¦ ParentImage: C:\Windows\System32\cmd.exe ¦ RuleName: - ¦ TerminalSessionId: 1 ¦ UtcTime: 2025-12-22 13:05:05.799","proc_creation_win_netsh_fw_set_rule.yml","3ef49978-e382-2fec-4894-49ae7a455e0d","C:\Tools\Logs\art_1562_004.evtx"
"2025-12-22 14:05:09.632 +01:00","Firewall Rule Update Via Netsh.EXE","med","DESKTOP-G2OBL3D","Sysmon",1,"Evas","","sysmon",166690,"Cmdline: netsh firewall set opmode mode=disable ¦ Proc: C:\Windows\System32\netsh.exe ¦ User: DESKTOP-G2OBL3D\student ¦ ParentCmdline: ""cmd.exe"" /c netsh firewall set opmode mode=disable ¦ LID: 0x18dcf ¦ LGUID: E9F06A57-0DF8-6949-CF8D-010000000000 ¦ PID: 9716 ¦ PGUID: E9F06A57-4205-6949-9F05-000000002100 ¦ ParentPID: 10960 ¦ ParentPGUID: E9F06A57-4205-6949-9D05-000000002100 ¦ Description: Network Command Shell ¦ Product: Microsoft® Windows® Operating System ¦ Company: Microsoft Corporation ¦ Hashes: MD5=12AD15E6AB0F8C8830F1F600381F204A,SHA256=69AE00A67DCE3C75A810408B1424D2901A6E08B37FD16C9DA87D1B5874B13DD6,IMPHASH=251873EE5CC9E54F8BB552E4F6FDBD14","CurrentDirectory: C:\Users\student\AppData\Local\Temp\ ¦ FileVersion: 10.0.26100.1150 (WinBuild.160101.0800) ¦ IntegrityLevel: High ¦ OriginalFileName: netsh.exe ¦ ParentImage: C:\Windows\System32\cmd.exe ¦ RuleName: - ¦ TerminalSessionId: 1 ¦ UtcTime: 2025-12-22 13:05:09.627","proc_creation_win_netsh_fw_set_rule.yml","3ef49978-e382-2fec-4894-49ae7a455e0d","C:\Tools\Logs\art_1562_004.evtx"
"2025-12-22 14:05:07.193 +01:00","Non Interactive PowerShell Process Spawned","low","DESKTOP-G2OBL3D","Sysmon",1,"Exec","T1059.001","sysmon",166673,"Cmdline: ""powershell.exe"" & {netsh advfirewall firewall add rule name=\""""Open Port to Any\"""" dir=in protocol=tcp localport=3389 action=allow profile=any} ¦ Proc: C:\Windows\System32\WindowsPowerShell\v1.0\powershell.exe ¦ User: DESKTOP-G2OBL3D\student ¦ ParentCmdline: ""C:\WINDOWS\System32\WindowsPowerShell\v1.0\powershell.exe"" -exec bypass ¦ LID: 0x18dcf ¦ LGUID: E9F06A57-0DF8-6949-CF8D-010000000000 ¦ PID: 6628 ¦ PGUID: E9F06A57-4203-6949-9105-000000002100 ¦ ParentPID: 416 ¦ ParentPGUID: E9F06A57-37B7-6949-AD04-000000002100 ¦ Description: Windows PowerShell ¦ Product: Microsoft® Windows® Operating System ¦ Company: Microsoft Corporation ¦ Hashes: MD5=909A2EEC5534F01DFF87B7D47E57BFF7,SHA256=D3B4B97C2BF97D70E5655FF4C4CA1D8CEF9DED51685CFD764247CFDA98EE68DF,IMPHASH=AFACF6DC9041114B198160AAB4D0AE77","CurrentDirectory: C:\Users\student\AppData\Local\Temp\ ¦ FileVersion: 10.0.26100.1 (WinBuild.160101.0800) ¦ IntegrityLevel: High ¦ OriginalFileName: PowerShell.EXE ¦ RuleName: - ¦ TerminalSessionId: 1 ¦ UtcTime: 2025-12-22 13:05:07.183","proc_creation_win_powershell_non_interactive_execution.yml","7b9c1012-0114-7467-278f-9c073249b3b7","C:\Tools\Logs\art_1562_004.evtx"
"2025-12-22 14:05:08.075 +01:00","Non Interactive PowerShell Process Spawned","low","DESKTOP-G2OBL3D","Sysmon",1,"Exec","T1059.001","sysmon",166676,"Cmdline: ""powershell.exe"" & {Copy-Item \""""C:\AtomicRedTeam\atomics\T1562.004\bin\AtomicTest.exe\"""" -Destination \""""C:\Users\$env:UserName\"""" -Force netsh advfirewall firewall add rule name=\""""Atomic Test\"""" dir=in action=allow program=\""""C:\Users\$env:UserName\AtomicTest.exe\"""" enable=yes} ¦ Proc: C:\Windows\System32\WindowsPowerShell\v1.0\powershell.exe ¦ User: DESKTOP-G2OBL3D\student ¦ ParentCmdline: ""C:\WINDOWS\System32\WindowsPowerShell\v1.0\powershell.exe"" -exec bypass ¦ LID: 0x18dcf ¦ LGUID: E9F06A57-0DF8-6949-CF8D-010000000000 ¦ PID: 6488 ¦ PGUID: E9F06A57-4204-6949-9405-000000002100 ¦ ParentPID: 416 ¦ ParentPGUID: E9F06A57-37B7-6949-AD04-000000002100 ¦ Description: Windows PowerShell ¦ Product: Microsoft® Windows® Operating System ¦ Company: Microsoft Corporation ¦ Hashes: MD5=909A2EEC5534F01DFF87B7D47E57BFF7,SHA256=D3B4B97C2BF97D70E5655FF4C4CA1D8CEF9DED51685CFD764247CFDA98EE68DF,IMPHASH=AFACF6DC9041114B198160AAB4D0AE77","CommandLine: ""powershell.exe"" & {Copy-Item \""""C:\AtomicRedTeam\atomics\T1562.004\bin\AtomicTest.exe\"""" -Destination \""""C:\Users\$env:UserName\"""" -Force netsh advfirewall firewall add rule name=\""""Atomic Test\"""" dir=in action=allow program=\""""C:\Users\$env:UserName\AtomicTest.exe\"""" enable=yes} ¦ CurrentDirectory: C:\Users\student\AppData\Local\Temp\ ¦ FileVersion: 10.0.26100.1 (WinBuild.160101.0800) ¦ IntegrityLevel: High ¦ OriginalFileName: PowerShell.EXE ¦ RuleName: - ¦ TerminalSessionId: 1 ¦ UtcTime: 2025-12-22 13:05:08.065","proc_creation_win_powershell_non_interactive_execution.yml","7b9c1012-0114-7467-278f-9c073249b3b7","C:\Tools\Logs\art_1562_004.evtx"
"2025-12-22 14:05:09.079 +01:00","Non Interactive PowerShell Process Spawned","low","DESKTOP-G2OBL3D","Sysmon",1,"Exec","T1059.001","sysmon",166685,"Cmdline: ""powershell.exe"" & {New-ItemProperty \""""HKLM:\SOFTWARE\Policies\Microsoft\WindowsFirewall\DomainProfile\"""" -Name EnableFirewall -PropertyType DWORD -Value 0 -Force New-ItemProperty \""""HKLM:\SOFTWARE\Policies\Microsoft\WindowsFirewall\StandardProfile\"""" -Name EnableFirewall -PropertyType DWORD -Value 0 -Force} ¦ Proc: C:\Windows\System32\WindowsPowerShell\v1.0\powershell.exe ¦ User: DESKTOP-G2OBL3D\student ¦ ParentCmdline: ""C:\WINDOWS\System32\WindowsPowerShell\v1.0\powershell.exe"" -exec bypass ¦ LID: 0x18dcf ¦ LGUID: E9F06A57-0DF8-6949-CF8D-010000000000 ¦ PID: 6368 ¦ PGUID: E9F06A57-4205-6949-9B05-000000002100 ¦ ParentPID: 416 ¦ ParentPGUID: E9F06A57-37B7-6949-AD04-000000002100 ¦ Description: Windows PowerShell ¦ Product: Microsoft® Windows® Operating System ¦ Company: Microsoft Corporation ¦ Hashes: MD5=909A2EEC5534F01DFF87B7D47E57BFF7,SHA256=D3B4B97C2BF97D70E5655FF4C4CA1D8CEF9DED51685CFD764247CFDA98EE68DF,IMPHASH=AFACF6DC9041114B198160AAB4D0AE77","CommandLine: ""powershell.exe"" & {New-ItemProperty \""""HKLM:\SOFTWARE\Policies\Microsoft\WindowsFirewall\DomainProfile\"""" -Name EnableFirewall -PropertyType DWORD -Value 0 -Force New-ItemProperty \""""HKLM:\SOFTWARE\Policies\Microsoft\WindowsFirewall\StandardProfile\"""" -Name EnableFirewall -PropertyType DWORD -Value 0 -Force} ¦ CurrentDirectory: C:\Users\student\AppData\Local\Temp\ ¦ FileVersion: 10.0.26100.1 (WinBuild.160101.0800) ¦ IntegrityLevel: High ¦ OriginalFileName: PowerShell.EXE ¦ RuleName: - ¦ TerminalSessionId: 1 ¦ UtcTime: 2025-12-22 13:05:09.069","proc_creation_win_powershell_non_interactive_execution.yml","7b9c1012-0114-7467-278f-9c073249b3b7","C:\Tools\Logs\art_1562_004.evtx"
"2025-12-22 14:05:29.048 +01:00","Non Interactive PowerShell Process Spawned","low","DESKTOP-G2OBL3D","Sysmon",1,"Exec","T1059.001","sysmon",166695,"Cmdline: ""powershell.exe"" & {New-NetFirewallRule -DisplayName \""""New rule\"""" -Direction \""""Inbound\"""" -LocalPort \""""21\"""" -Protocol \""""TCP\"""" -Action \""""allow\""""} ¦ Proc: C:\Windows\System32\WindowsPowerShell\v1.0\powershell.exe ¦ User: DESKTOP-G2OBL3D\student ¦ ParentCmdline: ""C:\WINDOWS\System32\WindowsPowerShell\v1.0\powershell.exe"" -exec bypass ¦ LID: 0x18dcf ¦ LGUID: E9F06A57-0DF8-6949-CF8D-010000000000 ¦ PID: 5600 ¦ PGUID: E9F06A57-4219-6949-A405-000000002100 ¦ ParentPID: 416 ¦ ParentPGUID: E9F06A57-37B7-6949-AD04-000000002100 ¦ Description: Windows PowerShell ¦ Product: Microsoft® Windows® Operating System ¦ Company: Microsoft Corporation ¦ Hashes: MD5=909A2EEC5534F01DFF87B7D47E57BFF7,SHA256=D3B4B97C2BF97D70E5655FF4C4CA1D8CEF9DED51685CFD764247CFDA98EE68DF,IMPHASH=AFACF6DC9041114B198160AAB4D0AE77","CurrentDirectory: C:\Users\student\AppData\Local\Temp\ ¦ FileVersion: 10.0.26100.1 (WinBuild.160101.0800) ¦ IntegrityLevel: High ¦ OriginalFileName: PowerShell.EXE ¦ RuleName: - ¦ TerminalSessionId: 1 ¦ UtcTime: 2025-12-22 13:05:29.037","proc_creation_win_powershell_non_interactive_execution.yml","7b9c1012-0114-7467-278f-9c073249b3b7","C:\Tools\Logs\art_1562_004.evtx"
"2025-12-22 14:05:01.233 +01:00","Local Accounts Discovery","low","DESKTOP-G2OBL3D","Sysmon",1,"Disc","T1033 ¦ T1087.001","sysmon",166657,"Cmdline: ""C:\WINDOWS\system32\whoami.exe"" ¦ Proc: C:\Windows\System32\whoami.exe ¦ User: DESKTOP-G2OBL3D\student ¦ ParentCmdline: ""C:\WINDOWS\System32\WindowsPowerShell\v1.0\powershell.exe"" -exec bypass ¦ LID: 0x18dcf ¦ LGUID: E9F06A57-0DF8-6949-CF8D-010000000000 ¦ PID: 10768 ¦ PGUID: E9F06A57-41FD-6949-8005-000000002100 ¦ ParentPID: 416 ¦ ParentPGUID: E9F06A57-37B7-6949-AD04-000000002100 ¦ Description: whoami - displays logged on user information ¦ Product: Microsoft® Windows® Operating System ¦ Company: Microsoft Corporation ¦ Hashes: MD5=956692DADC5B2CEB46E9219F7A5BEFFA,SHA256=23240EF9F8B0A9A324110B1C2331DE31DC1B0E08F5359CB707E51A939AF56CD3,IMPHASH=E4464BCD92DF7AC69CCD074CB9C0EFED","CurrentDirectory: C:\WINDOWS\system32\ ¦ FileVersion: 10.0.26100.1882 (WinBuild.160101.0800) ¦ IntegrityLevel: High ¦ OriginalFileName: whoami.exe ¦ ParentImage: C:\Windows\System32\WindowsPowerShell\v1.0\powershell.exe ¦ RuleName: - ¦ TerminalSessionId: 1 ¦ UtcTime: 2025-12-22 13:05:01.228","proc_creation_win_susp_local_system_owner_account_discovery.yml","e149ce89-80e1-9461-ab1f-2c14cabd84c0","C:\Tools\Logs\art_1562_004.evtx"
"2025-12-22 14:05:02.356 +01:00","Disable Microsoft Defender Firewall via Registry","med","DESKTOP-G2OBL3D","Sysmon",13,"Evas","T1562.004","sysmon",166660,"EventType: SetValue ¦ RegKey: HKLM\System\CurrentControlSet\Services\SharedAccess\Parameters\FirewallPolicy\PublicProfile\EnableFirewall ¦ Details: DWORD (0x00000000) ¦ Proc: C:\WINDOWS\system32\svchost.exe ¦ PID: 1628 ¦ PGUID: E9F06A57-0DF8-6949-1F00-000000002100 ¦ User: NT AUTHORITY\LOCAL SERVICE","RuleName: T1089 ¦ UtcTime: 2025-12-22 13:05:02.354","registry_set_disable_defender_firewall.yml","0904c1e9-81c6-26ad-f68e-8bb29bddd5ab","C:\Tools\Logs\art_1562_004.evtx"
"2025-12-22 14:05:04.375 +01:00","Disable Microsoft Defender Firewall via Registry","med","DESKTOP-G2OBL3D","Sysmon",13,"Evas","T1562.004","sysmon",166667,"EventType: SetValue ¦ RegKey: HKLM\System\CurrentControlSet\Services\SharedAccess\Parameters\FirewallPolicy\PublicProfile\EnableFirewall ¦ Details: DWORD (0x00000000) ¦ Proc: C:\WINDOWS\system32\reg.exe ¦ PID: 2804 ¦ PGUID: E9F06A57-4200-6949-8905-000000002100 ¦ User: DESKTOP-G2OBL3D\student","RuleName: T1089 ¦ UtcTime: 2025-12-22 13:05:04.373","registry_set_disable_defender_firewall.yml","0904c1e9-81c6-26ad-f68e-8bb29bddd5ab","C:\Tools\Logs\art_1562_004.evtx"
"2025-12-22 14:05:09.807 +01:00","Disable Microsoft Defender Firewall via Registry","med","DESKTOP-G2OBL3D","Sysmon",13,"Evas","T1562.004","sysmon",166691,"EventType: SetValue ¦ RegKey: HKLM\System\CurrentControlSet\Services\SharedAccess\Parameters\FirewallPolicy\PublicProfile\EnableFirewall ¦ Details: DWORD (0x00000000) ¦ Proc: C:\WINDOWS\system32\svchost.exe ¦ PID: 1628 ¦ PGUID: E9F06A57-0DF8-6949-1F00-000000002100 ¦ User: NT AUTHORITY\LOCAL SERVICE","RuleName: T1089 ¦ UtcTime: 2025-12-22 13:05:09.805","registry_set_disable_defender_firewall.yml","0904c1e9-81c6-26ad-f68e-8bb29bddd5ab","C:\Tools\Logs\art_1562_004.evtx"
"2025-12-22 14:05:08.833 +01:00","Disable Windows Firewall by Registry","med","DESKTOP-G2OBL3D","Sysmon",13,"Evas","T1562.004","sysmon",166682,"EventType: SetValue ¦ RegKey: HKLM\SOFTWARE\Policies\Microsoft\WindowsFirewall\DomainProfile\EnableFirewall ¦ Details: DWORD (0x00000000) ¦ Proc: C:\WINDOWS\system32\reg.exe ¦ PID: 3472 ¦ PGUID: E9F06A57-4204-6949-9905-000000002100 ¦ User: DESKTOP-G2OBL3D\student","RuleName: T1089 ¦ UtcTime: 2025-12-22 13:05:08.832","registry_set_disable_windows_firewall.yml","fc7a8b18-9ef5-9912-0707-ccb230f4a755","C:\Tools\Logs\art_1562_004.evtx"
"2025-12-22 14:05:08.854 +01:00","Disable Windows Firewall by Registry","med","DESKTOP-G2OBL3D","Sysmon",13,"Evas","T1562.004","sysmon",166684,"EventType: SetValue ¦ RegKey: HKLM\SOFTWARE\Policies\Microsoft\WindowsFirewall\StandardProfile\EnableFirewall ¦ Details: DWORD (0x00000000) ¦ Proc: C:\WINDOWS\system32\reg.exe ¦ PID: 4232 ¦ PGUID: E9F06A57-4204-6949-9A05-000000002100 ¦ User: DESKTOP-G2OBL3D\student","RuleName: T1089 ¦ UtcTime: 2025-12-22 13:05:08.853","registry_set_disable_windows_firewall.yml","fc7a8b18-9ef5-9912-0707-ccb230f4a755","C:\Tools\Logs\art_1562_004.evtx"
"2025-12-22 14:05:09.364 +01:00","Disable Windows Firewall by Registry","med","DESKTOP-G2OBL3D","Sysmon",13,"Evas","T1562.004","sysmon",166687,"EventType: SetValue ¦ RegKey: HKLM\SOFTWARE\Policies\Microsoft\WindowsFirewall\DomainProfile\EnableFirewall ¦ Details: DWORD (0x00000000) ¦ Proc: C:\WINDOWS\System32\WindowsPowerShell\v1.0\powershell.exe ¦ PID: 6368 ¦ PGUID: E9F06A57-4205-6949-9B05-000000002100 ¦ User: DESKTOP-G2OBL3D\student","RuleName: T1089 ¦ UtcTime: 2025-12-22 13:05:09.363","registry_set_disable_windows_firewall.yml","fc7a8b18-9ef5-9912-0707-ccb230f4a755","C:\Tools\Logs\art_1562_004.evtx"
"2025-12-22 14:05:09.385 +01:00","Disable Windows Firewall by Registry","med","DESKTOP-G2OBL3D","Sysmon",13,"Evas","T1562.004","sysmon",166688,"EventType: SetValue ¦ RegKey: HKLM\SOFTWARE\Policies\Microsoft\WindowsFirewall\StandardProfile\EnableFirewall ¦ Details: DWORD (0x00000000) ¦ Proc: C:\WINDOWS\System32\WindowsPowerShell\v1.0\powershell.exe ¦ PID: 6368 ¦ PGUID: E9F06A57-4205-6949-9B05-000000002100 ¦ User: DESKTOP-G2OBL3D\student","RuleName: T1089 ¦ UtcTime: 2025-12-22 13:05:09.385","registry_set_disable_windows_firewall.yml","fc7a8b18-9ef5-9912-0707-ccb230f4a755","C:\Tools\Logs\art_1562_004.evtx"
"2025-12-22 14:05:08.370 +01:00","Creation of an Executable by an Executable","low","DESKTOP-G2OBL3D","Sysmon",11,"ResDev","T1587.001","detection.threat-hunting ¦ sysmon",166678,"Path: C:\Users\student\AtomicTest.exe ¦ Proc: C:\WINDOWS\System32\WindowsPowerShell\v1.0\powershell.exe ¦ PID: 6488 ¦ PGUID: E9F06A57-4204-6949-9405-000000002100","CreationUtcTime: 2025-12-22 13:05:08.370 ¦ RuleName: EXE ¦ User: DESKTOP-G2OBL3D\student ¦ UtcTime: 2025-12-22 13:05:08.370","file_event_win_susp_binary_dropper.yml","399dee28-dfcb-7990-c7e4-e206e0a2ac29","C:\Tools\Logs\art_1562_004.evtx"
"2025-12-22 14:05:29.048 +01:00","New Windows Firewall Rule Added Via New-NetFirewallRule Cmdlet","low","DESKTOP-G2OBL3D","Sysmon",1,"Evas","T1562.004","detection.threat-hunting ¦ sysmon",166695,"Cmdline: ""powershell.exe"" & {New-NetFirewallRule -DisplayName \""""New rule\"""" -Direction \""""Inbound\"""" -LocalPort \""""21\"""" -Protocol \""""TCP\"""" -Action \""""allow\""""} ¦ Proc: C:\Windows\System32\WindowsPowerShell\v1.0\powershell.exe ¦ User: DESKTOP-G2OBL3D\student ¦ ParentCmdline: ""C:\WINDOWS\System32\WindowsPowerShell\v1.0\powershell.exe"" -exec bypass ¦ LID: 0x18dcf ¦ LGUID: E9F06A57-0DF8-6949-CF8D-010000000000 ¦ PID: 5600 ¦ PGUID: E9F06A57-4219-6949-A405-000000002100 ¦ ParentPID: 416 ¦ ParentPGUID: E9F06A57-37B7-6949-AD04-000000002100 ¦ Description: Windows PowerShell ¦ Product: Microsoft® Windows® Operating System ¦ Company: Microsoft Corporation ¦ Hashes: MD5=909A2EEC5534F01DFF87B7D47E57BFF7,SHA256=D3B4B97C2BF97D70E5655FF4C4CA1D8CEF9DED51685CFD764247CFDA98EE68DF,IMPHASH=AFACF6DC9041114B198160AAB4D0AE77","CurrentDirectory: C:\Users\student\AppData\Local\Temp\ ¦ FileVersion: 10.0.26100.1 (WinBuild.160101.0800) ¦ IntegrityLevel: High ¦ OriginalFileName: PowerShell.EXE ¦ RuleName: - ¦ TerminalSessionId: 1 ¦ UtcTime: 2025-12-22 13:05:29.037","proc_creation_win_powershell_new_netfirewallrule_allow.yml","4b64c673-1edf-e1f1-5432-ab06d36248ee","C:\Tools\Logs\art_1562_004.evtx"
"2025-12-22 14:05:10.344 +01:00","Tunneling Tool Execution","med","DESKTOP-G2OBL3D","Sysmon",1,"Exfil ¦ C2","T1041 ¦ T1572 ¦ T1071.001","detection.threat-hunting ¦ sysmon",166694,"Cmdline: C:\AtomicRedTeam\atomics\..\ExternalPayloads\plink.exe -ssh atomic.local -l root -pw n/a -m C:\AtomicRedTeam\atomics\..\atomics\T1562.004\src\esxi_disable_firewall.txt ¦ Proc: C:\AtomicRedTeam\ExternalPayloads\plink.exe ¦ User: DESKTOP-G2OBL3D\student ¦ ParentCmdline: ""cmd.exe"" /c C:\AtomicRedTeam\atomics\..\ExternalPayloads\plink.exe -ssh atomic.local -l root -pw n/a -m C:\AtomicRedTeam\atomics\..\atomics\T1562.004\src\esxi_disable_firewall.txt ¦ LID: 0x18dcf ¦ LGUID: E9F06A57-0DF8-6949-CF8D-010000000000 ¦ PID: 2796 ¦ PGUID: E9F06A57-4206-6949-A205-000000002100 ¦ ParentPID: 792 ¦ ParentPGUID: E9F06A57-4206-6949-A005-000000002100 ¦ Description: Command-line SSH, Telnet, and Rlogin client ¦ Product: PuTTY suite ¦ Company: Simon Tatham ¦ Hashes: MD5=269CE7B3A3FCDF735CD8A37C04ABFDAE,SHA256=50479953865B30775056441B10FDCB984126BA4F98AF4F64756902A807B453E7,IMPHASH=3CA93122BBD07CF43DF87B15FEF5C516","CurrentDirectory: C:\Users\student\AppData\Local\Temp\ ¦ FileVersion: Release 0.83 ¦ IntegrityLevel: High ¦ OriginalFileName: Plink ¦ ParentImage: C:\Windows\System32\cmd.exe ¦ RuleName: - ¦ TerminalSessionId: 1 ¦ UtcTime: 2025-12-22 13:05:10.333","proc_creation_win_susp_exfil_and_tunneling_tool_execution.yml","d5f89a01-41d8-2b50-209c-10402c2f6194","C:\Tools\Logs\art_1562_004.evtx"
"2025-12-22 14:05:33.086 +01:00","Tunneling Tool Execution","med","DESKTOP-G2OBL3D","Sysmon",1,"Exfil ¦ C2","T1041 ¦ T1572 ¦ T1071.001","detection.threat-hunting ¦ sysmon",166700,"Cmdline: ""C:\AtomicRedTeam\atomics\..\ExternalPayloads\plink.exe"" -batch ""atomic.local"" -ssh -l root -pw ""password"" ""esxcli network firewall set --default-action true"" ¦ Proc: C:\AtomicRedTeam\ExternalPayloads\plink.exe ¦ User: DESKTOP-G2OBL3D\student ¦ ParentCmdline: ""cmd.exe"" /c echo """" | ""C:\AtomicRedTeam\atomics\..\ExternalPayloads\plink.exe"" -batch ""atomic.local"" -ssh -l root -pw ""password"" ""esxcli network firewall set --default-action true"" ¦ LID: 0x18dcf ¦ LGUID: E9F06A57-0DF8-6949-CF8D-010000000000 ¦ PID: 11092 ¦ PGUID: E9F06A57-421D-6949-A905-000000002100 ¦ ParentPID: 10208 ¦ ParentPGUID: E9F06A57-421D-6949-A605-000000002100 ¦ Description: Command-line SSH, Telnet, and Rlogin client ¦ Product: PuTTY suite ¦ Company: Simon Tatham ¦ Hashes: MD5=269CE7B3A3FCDF735CD8A37C04ABFDAE,SHA256=50479953865B30775056441B10FDCB984126BA4F98AF4F64756902A807B453E7,IMPHASH=3CA93122BBD07CF43DF87B15FEF5C516","CurrentDirectory: C:\Users\student\AppData\Local\Temp\ ¦ FileVersion: Release 0.83 ¦ IntegrityLevel: High ¦ OriginalFileName: Plink ¦ ParentImage: C:\Windows\System32\cmd.exe ¦ RuleName: - ¦ TerminalSessionId: 1 ¦ UtcTime: 2025-12-22 13:05:33.083","proc_creation_win_susp_exfil_and_tunneling_tool_execution.yml","d5f89a01-41d8-2b50-209c-10402c2f6194","C:\Tools\Logs\art_1562_004.evtx"
